title,pubDate,words,voice,primary_cluster,secondary,disposition,Ev,Se,AI,OE,St,Pr,Str,IPS,tier,desc
How to Host a Lost and Found Party: Turning Hospitality into Outreach,"Tue, 06 Feb 2024 11:00:02 GMT",242,hosts,gospel,disciple_training|testimony,B,7,10,8,6,4,6,7,7.2,T2,"In this episode, Mark and Dave dive deep into the practical application of their three-part strategy for multiplying churches and disciples they shared for 2024. Mark shares the model of a ""Lost and Found Party,"" a unique outreach tool employed in Queens, NYC, demonstrating how hospitality and intentional conversations can lead to gospel engagement and identifying persons of peace. Listeners will "
"Cookies, Clinics, and Calling: A CoVocational Kingdom Story","Tue, 22 Jul 2025 11:00:08 GMT",253,interview/guest,prayer_field,disciple_making|disciple_training,D,9,9,5,7,3,6,7,7.0,T2,"In this episode of the H3X Podcast, Dave Miller and guest co-host Andy Befort sit down with Erin, a physician assistant living out a powerful co-vocational calling in Garden City, Kansas. With a heart for unreached people groups and a stethoscope in hand, Erin shares how prayer, perseverance, and practical love opened doors among her Somali neighbors. What began with failed cookie deliveries turne"
We Are Reading The New Testament Backwards,"Tue, 23 Jun 2026 10:00:00 GMT",108,hosts,cpm_leadership,disciple_making|gospel,B,9,10,6,5,3,4,7,6.85,T2,"Most of us don’t mean to read the New Testament backwards, but we often start with Paul’s conclusions before we understand the story he was living inside. In this episode, Mark and Dave show how the Gospels and Acts give the framework, while the letters make more sense when they are placed back into the movement story.You’ll hear why this changes how you read Galatians, Romans, disciple-making, co"
There’s Enough to Go Around: Escaping the Scarcity Mindset in Ministry,"Tue, 28 Oct 2025 14:08:43 GMT",212,hosts,disciple_training,prayer_field|cpm_leadership,D,9,8,6,5,3,7,7,6.75,T2,"In this episode of the H3X Podcast, Dave Miller reflects on how an old FFA motto — “Learning to do, Doing to learn, Earning to live, Living to serve” — unexpectedly provides a framework for disciple-making and leadership development. Drawing from a recent marketplace ministry discussion, he explores the tension between training and learning, execution and essence, and how the “radical middle” brid"
Inside the Hub Why Immersion Accelerates Movements,"Tue, 12 Aug 2025 10:00:08 GMT",87,hosts,cpm_leadership,disciple_training|disciple_making,B,9,7,6,6,4,6,7,6.7,T2,"What if the fastest way to multiply leaders isn’t another training, but stepping inside an environment where it’s already happening? In this episode, we explore the biblical model in Acts 18–20 and how Paul, Priscilla, and Aquila’s habits and rhythms became the foundation for a multiplying hub. You’ll hear why immersion—seeing it, experiencing it, and living it alongside others—can accelerate adop"
The One Hebrew Word That Will Change the Way You See Work Forever,"Tue, 05 Aug 2025 10:00:08 GMT",151,hosts,disciple_training,prayer_field|disciple_making,D,9,9,8,4,2,4,7,6.7,T2,"What if your 9-to-5 wasn’t separate from your faith—but the very place God designed for worship and disciple-making? In this episode, Jason Cronkhite shares his transformative journey from corporate life to kingdom entrepreneurship, all through the lens of a single Hebrew word: Avodah—work, worship, and service as one. He unpacks how this redefinition of vocation reshapes company culture, client r"
The Rise of Covo Multipliers Why Priscilla & Aquila Hold the Blueprint,"Tue, 29 Apr 2025 10:00:21 GMT",84,hosts,cpm_leadership,disciple_making|disciple_training,B,9,9,7,5,3,3,7,6.7,T2,"In this episode of H3X, we unpack the surprising shift in the Book of Acts that spotlights Priscilla and Aquila—not Paul—as the model of co-vocational, disciple-making leadership. You'll hear how this couple embodies a sustainable, reproducible lifestyle of mission that integrates faith, work, and home. Learn why their story isn’t just biblical history—it’s a blueprint for today’s leaders. We chal"
Reaching Cities with David Broodryk,"Tue, 20 Jul 2021 10:00:17 GMT",63,interview/guest,prayer_field,disciple_making|simple_church,B,9,7,7,7,3,4,7,6.7,T2,"Urbanization and the changes that cities have on relational networks means that we need to reevaluate how to multiply disciples in urban contexts. In this episode (a repost of a YouTube interview), David Broodryk, an experienced urban church planting catalyst, unpacks the challenges of reaching cities and connects Biblical principles with innovative disciple-making processes he and his team have d"
Strategic Persistence: How to Plan for Decades and Live for Today,"Tue, 25 Feb 2025 11:00:07 GMT",92,interview/guest,disciple_making,cpm_leadership,B,9,8,5,7,3,5,6,6.6,T2,"What is the long-term commitment required for effective church multiplication and disciple-making? In this episode we discuss the importance of setting realistic expectations for a big enough vision that it will span decades. We look at the significance of consistent, persistent work in achieving substantial outcomes. The episode emphasizes the necessity of living in the moment and celebrating sma"
The Rhythms of a Multiplier Can’t Be Hacked. They Have to Be Caught.,"Tue, 09 Jun 2026 10:00:00 GMT",100,hosts,cpm_leadership,disciple_making|disciple_training,D,9,9,4,5,3,6,7,6.55,T2,"What if disciple-making is not mainly something you add to your calendar, but something you learn to do with people in the normal flow of life? In this episode, Mark and Dave unpack the rhythms of multiplying leaders by looking at Jesus, Levi, business deliveries, prayer at Topgolf, and the subtle power of “withness.” You’ll hear why classroom teaching alone can’t form disciple-makers and why real"
Why We Do Scripture Deep Dives (And How to Run One),"Tue, 02 Jun 2026 10:00:00 GMT",83,hosts,disciple_training,cpm_leadership,B,9,10,5,4,2,5,7,6.55,T2,"Most Bible studies teach people to understand a passage. Scripture deep dives train leaders to see patterns, solve problems, and follow the way of Jesus in real life. In this episode, Chuck Wood, Dave Miller, and Mark unpack why reading large chunks of Scripture together can shift paradigms faster than another polished teaching session. You’ll hear how deep dives help leaders move from passive lis"
"Anarchy Church vs. Decentralized Ecclesiology: What’s the Difference, Really","Tue, 27 May 2025 10:00:08 GMT",169,hosts,cpm_leadership,disciple_making|disciple_training,B,9,9,6,5,3,3,7,6.55,T2,"What if your discomfort with “church as usual” is actually a holy invitation? In this raw, unscripted episode, Neal Karsten tackles why decentralized ecclesiology is often misunderstood as “anarchy church”—when it’s actually a return to something deeply biblical and beautifully simple. You'll hear stories of people detoxing from religion like it was addiction, and finding Jesus in living rooms, no"
Margin is Your Superpower- How Covocational Leaders Stay Focused and Free,"Tue, 13 May 2025 10:00:09 GMT",157,hosts,cpm_leadership,disciple_training|prayer_field,D,9,9,5,4,2,7,7,6.55,T2,"Most leaders don't have a time problem — they have a margin problem. In this episode, Dave Miller dives deep into how covocational disciple-makers can design their lives around what truly matters. If you’ve ever felt crushed by overcommitment or unsure how to balance business and ministry, this conversation offers a simple, replicable framework that leads to clarity and freedom. Discover the surpr"
Peter Was a Racist & Paul Wasn't Perfect,"Tue, 15 Aug 2023 10:00:02 GMT",98,hosts,cpm_leadership,disciple_making|disciple_training,B,9,10,5,4,2,5,7,6.55,T2,"""Look at Jesus to learn how to make disciples. Look at Paul to learn how to plant churches."" The Book of Acts was clearly written as a model and not just a historical account. How should we faithfully read and apply it, then, in light of of the fact that the leaders modeling the methods in it were flawed, eg. Peter was a racist and Paul wasn't perfect. (Clickbait title, yes we know...but you'll wa"
Charisma Can Fill a Room. Faithfulness Carries a Movement.,"Tue, 14 Jul 2026 10:00:00 GMT",97,solo,cpm_leadership,disciple_training|disciple_making,B,9,10,4,6,2,3,7,6.5,T2,"If you want multiplication, you can’t just aim at mature disciples or healthy churches and assume the other will magically appear. In this solo episode, Mark argues that leaders are the missing link between disciples and churches, and real leaders are formed through responsibility, not just information. The episode presses into why charisma creates false starts, why faithfulness has to be proven l"
Tribe Is the Model: Scaling God’s Way in an Age of Collapse,"Tue, 08 Jul 2025 10:00:08 GMT",80,hosts,cpm_leadership,disciple_training|prayer_field,B,9,9,5,5,3,4,7,6.5,T2,"When institutions crumble and anxiety runs high, most leaders reach for strategy and structure—but that’s not how God moves. In this episode, Mark and Dave make the case that tribe is the model—a trust-based, micro-to-macro way of life that reflects how Jesus and the early church scaled in turbulent times. You’ll hear why movements never start with platforms, but always with people. If you're seri"
Don’t Teach It—Let Them Catch It: The Power of Immersion,"Tue, 17 Jun 2025 10:00:11 GMT",76,hosts,cpm_leadership,gospel|disciple_making,A+FieldNote,9,7,5,7,5,3,7,6.5,T2,"What if you could experience multiplying disciples principles—not just hear about it? In this episode, we drop into an immersive disciple-making trip in South Florida, where young college students catch fire through firsthand gospel sharing and watching others lead boldly. You’ll hear how real-time exposure to the M.A.W.L. model (Model, Assist, Watch, Launch) turns passive learners into multiplyin"
"Messy, Marginal, and Multiplying: God’s Work in the Byways with Rodger Shull","Tue, 01 Apr 2025 10:00:08 GMT",84,interview/guest,cpm_leadership,disciple_making|disciple_training,B,9,10,4,6,2,3,7,6.5,T2,"Roger Shull takes us on a raw, unfiltered journey of disciple-making—from college dorms to fourth-generation churches across Raleigh. He shares the messy, Spirit-led process of multiplication, where broken people find Jesus and unexpected leaders emerge. Through setbacks, burnout, and failures, Roger uncovers how simple obedience, friendship, and the power of ""milk not meat"" transformed his approa"
How Jesus Multiplied Muddy Boots Leaders,"Tue, 01 Aug 2023 10:00:02 GMT",152,hosts,cpm_leadership,gospel|meet_jesus,D,9,9,6,4,2,5,7,6.5,T2,"Jesus was a muddy boots leader that raised up an army from out of the harvest. His investment deeply into a few unfolded in a key stages: Identify, Equip, Invest, and Entrust. In the episode we look at the first chapter of the gospel of Mark to examine keys to unlock the strategy of Jesus and better understand how to follow His muddy boots leadership development. Study Questions: • Identify: What "
The NYPD Chief Who Jumped the Fence (And What It Reveals About Leadership),"Tue, 17 Mar 2026 10:00:03 GMT",110,hosts,cpm_leadership,disciple_making,A+FieldNote,9,6,4,7,5,6,7,6.45,T2,A viral story out of New York shows an NYPD chief in full dress uniform jumping a fence and running toward a suspected bomb threat. Most people see a heroic moment. But that moment didn’t start there. In this episode we unpack why leaders don’t magically rise to the occasion. They fall to the level of their habits. The instincts that show up under pressure are built long before the pressure arrive
What Actually Starts Movements (and What Secretly Stops Them) – with Emmanuel Prinz,"Tue, 24 Jun 2025 10:00:08 GMT",100,interview/guest,cpm_leadership,prayer_field,B,9,8,4,7,3,4,7,6.45,T2,"What if the biggest blockers to movement aren’t out there, but in you? In this raw and research-backed episode, Emmanuel Prinz unpacks What Actually Starts Movements by breaking down the spiritual and strategic shifts he calls ""boosters"" and ""blockers"" that, when addressed, make space for multiplication. You’ll learn why catalysts burn out, what really unlocks momentum, and how to evaluate your ow"
The Missing Link: Why a Community of Practice Was Key to Andy’s Growth,"Tue, 11 Feb 2025 11:00:07 GMT",113,hosts,disciple_training,disciple_making|cpm_leadership,D,7,10,7,4,2,5,7,6.45,T2,"What happens when a leader wrestles with the Word of God in community and puts it into practice? In this episode, Andy shares how digging deep into Scripture with others shaped his vision for making disciples, the struggles he faced, and the breakthroughs that followed. You'll hear firsthand what it takes to move from uncertainty to multiplication—through real conversations, biblical wrestling, an"
What Paul Did Daily For Two Years That Changed Asia Minor Forever,"Tue, 19 Nov 2024 11:00:06 GMT",90,hosts,cpm_leadership,gospel|disciple_making,B,9,10,5,4,2,4,7,6.45,T2,"Let's explore a fascinating tension in Paul's ministry at Ephesus, where slowing down to invest deeply in a few leaders actually accelerated the spread of the gospel throughout Asia Minor. Through conversations about passages like this, along with discipleship, and the pattern of Jesus, hosts Mark and Dave wrestle with how modern ministry leaders can balance the pressure for rapid expansion with t"
Breaking Free from Traditions: Carter's Journey to a Clear Path,"Tue, 17 Sep 2024 10:00:04 GMT",113,hosts,cpm_leadership,disciple_making,B,9,9,5,4,2,6,7,6.45,T2,"Mark shares about a new podcast launch called Multiplier Mandate. In this episode, Carter shares his powerful journey from wrestling with life's idols to discovering a biblical, multiplying movement that flipped his understanding of discipleship upside down. Dive into the barriers many believers face—settling for good but secondary visions and lacking clear, practical pathways to make disciples li"
Finding Hope and Identity in the Midst of Cultural Shifts,"Tue, 20 Aug 2024 10:00:02 GMT",93,hosts,cpm_leadership,disciple_making|simple_church,B,9,9,4,5,3,5,7,6.45,T2,"In this episode, Dave and Mark dive into the book of Zechariah, exploring its relevance to the current challenges of church planting and disciple making in a rapidly changing culture. They discuss the parallels between the post-exilic Israelites and today's church, emphasizing the importance of faithfulness, hope, and not despising small beginnings. The conversation centers on how to stay grounded"
Acts And The Movement of God with Steve Addison,"Tue, 16 May 2023 10:00:02 GMT",129,interview/guest,cpm_leadership,,B,9,9,5,6,2,3,7,6.45,T2,"Steve Addison joins Dave and Mark to discuss his new book ""Acts and the Movement of God from Jerusalem to the Ends of the Earth."" Steve launches out from the idea of the gap between our experience and the movement of God described in Acts and how the book challenges every successive generation to participate in the movement of God. The interview heats up as Steve challenges the Western ideal of so"
Leaders Grow Through Time With in The Boat,"Tue, 16 Jun 2026 10:00:00 GMT",92,hosts,disciple_making,cpm_leadership,B,9,7,4,6,4,6,7,6.4,T2,"Most discipleship stalls because people only see the lesson, not the life behind it. In this episode, Mark, Dave, and Marcus unpack what happened when a group of young disciples joined a real ministry trip from New York City to Connecticut and the deepest formation happened in the car. You’ll learn why shared rhythms, relational margin, and doing ministry together reveal questions that scheduled m"
"The Apostolic Challenge: Mastering the Dynamics of Start, Strengthen, Sustain","Tue, 14 Jan 2025 11:00:08 GMT",92,interview/guest,cpm_leadership,disciple_training|prayer_field,B,9,7,5,7,3,4,7,6.4,T2,"In this thought-provoking episode with Guy Caskey, listeners are taken on a deep dive into the dynamics of apostolic leadership and church sustainability. Guy illuminates the challenges and necessary strategies for nurturing leadership that can carry on transformative work across generations. Discover the essential balance between multiplying efforts and sustaining growth, as Caskey explores how t"
What is a Strategy Coordinator? (And Why We Need More of Them),"Tue, 01 Feb 2022 11:00:04 GMT",88,interview/guest,cpm_leadership,disciple_training|prayer_field,B,9,7,5,7,3,4,7,6.4,T2,"Join Dave Miller, Kyle Pierson, Mark Goering, and Carter Cox for a discussion into what a strategy coordinator is, how we train them, and why we need thousands of them in the mission field today. Show Notes: A short series of podcast episodes on the Movements podcast with Steve Addison is mentioned in this episode. Below are links to Steve's four interviews with ""Barney"" that unpack the role of th"
Disciple Making Collapses When Scripture Stops Being Foundational,"Tue, 12 May 2026 10:00:00 GMT",91,hosts,disciple_making,prayer_field,B,9,8,7,4,2,5,6,6.35,T2,"Most believers say Scripture is central, but in real life, experience often ends up calling the shots. In this episode, Dave and Mark unpack why disciple-making pathways are not invented from scratch, but discovered from the Word of God and lived out in real places like work, school pickup, business, and everyday relationships. They use the Wesleyan Quadrilateral, Scripture, tradition, reason, and"
Nehemiah's CFC Framework: The Key to Building a Wall in 52 Days,"Tue, 23 Dec 2025 11:15:07 GMT",97,hosts,cpm_leadership,disciple_training|prayer_field,B,7,8,8,5,3,4,7,6.35,T2,"In this episode we unpack Nehemiah’s CFC—Commitment, Focus, and Consistency—and why it remains one of Scripture’s most practical leadership models. Through the story of rebuilding Jerusalem’s wall in just 52 days, they reveal how clarity is forged through prayer, responsibility attracts resources, and disciplined focus outpaces raw passion. This conversation challenges leaders who feel overwhelmed"
Is Your Strategy Blinding You to God’s Harvest,"Tue, 18 Mar 2025 10:00:07 GMT",171,solo,cpm_leadership,gospel|prayer_field,B,9,8,5,6,2,4,7,6.35,T2,"Ever wonder why your carefully crafted ministry strategy might be missing the mark? In this solo episode of the H3X podcast, Mark unpacks a fresh insight from a problem-solving retreat, diving into Jesus’ encounter at the well in John 4 to reveal the tension between strategy and prophetic flexibility. Discover how blending a reproducible apostolic process with an openness to God’s unexpected inter"
Why Cities Matter with Haylee Belcher,"Tue, 08 Nov 2022 12:00:02 GMT",57,interview/guest,disciple_training,cpm_leadership|gospel,B,8,9,4,7,3,3,7,6.35,T2,The Urban complexity needs all hands on deck to see movements of the Gospel and churches. Dave discusses a semester of training and learning why cities matter with Haylee Belcher. Haylee leads with a team focused on planting churches and training leaders on a University Campus in Oklahoma City. Hear her insights on this episode of H3X.
The Inefficient Strategy Behind Lasting Movements,"Tue, 19 Aug 2025 10:00:08 GMT",117,hosts,cpm_leadership,gospel|disciple_making,B,9,8,6,4,2,5,7,6.3,T2,"What if multiplication in the Kingdom doesn’t look like efficiency but instead like deep, costly investment? In this episode of the H3X Podcast, Mark and Dave unpack the concept of precision harvesting: how Jesus filtered and invested in the few to see lasting multiplication. They explore why disciple making is inherently “inefficient” and why that’s actually the key to compounding growth over tim"
Simple Affective Habits and Multiplying Movement,"Tue, 05 Dec 2023 11:00:03 GMT",69,interview/guest,cpm_leadership,gospel,B,9,8,4,6,2,5,7,6.3,T2,"Movement is simply more people learning to do simple affective habits. In the world of the head, heart, and hands of the multiplying church and her leaders, we will never move beyond the affective habit of seed sowing the gospel. Start a habit. Track if that habit is affecting the change you expected. Adjust. Invite others to join you in that habit. Add time and you will affect movement."
The 80/20 Rule for Kingdom Goal Setting: Why Focus Beats Hustle in 2025,"Tue, 24 Dec 2024 11:00:07 GMT",127,hosts,cpm_leadership,disciple_training,B,7,10,5,4,2,6,7,6.25,T3,"As 2025 approaches, this episode dives into how leaders can overcome distractions and leverage the principle of ""sowing and reaping"" to serve Jesus in Kingdom impact. Mark and Dave explore the tension between responsibilities (what we control) and opportunities (what we respond to) while addressing common pitfalls like FOMO and the lack of focus. They unpack practical tools like the 80/20 rule and"
Jesus: a Master Class in Leadership Development Through the Gospels,"Tue, 13 Aug 2024 11:00:04 GMT",76,hosts,cpm_leadership,disciple_training|gospel,B,9,9,5,4,2,4,7,6.25,T3,"In this episode, Mark explores a study through the gospels into how Jesus catalyzed a movement through His intentional leadership development using the M.A.W.L. framework—Model, Assist, Watch, and Leave. We delve into key moments from His ministry, where He identified and equipped leaders, guiding them through opposition and preparing them to carry on the mission independently. Discover practical "
God Has No Grandchildren,"Tue, 14 Nov 2023 11:00:03 GMT",81,hosts,cpm_leadership,gospel,B,9,8,7,4,2,3,7,6.25,T3,"In this H3X episode, hosts Mark and Dave stress the importance of connecting each generation of leaders back to the Bible as the primary source of authority. They discuss the challenges of contextualizing the Gospel and the crucial role of Indigenous leadership in filling gaps in understanding diverse cultures. The conversation delves into the Wesleyan quadrilateral, emphasizing Scripture, traditi"
How to Live in The Tension Between Depth and Breadth,"Tue, 25 Jul 2023 10:00:02 GMT",69,hosts,cpm_leadership,meet_jesus,B,9,9,5,4,2,4,7,6.25,T3,"Jesus stewarded the breadth of a large Target in engaging Galilee while simultaneously the depth of cultivating movement leaders in the 12 disciples. How can we do the same? In this episode, we look at the tension between breadth and depth and what it means to practically steward both simultaneously. *** Show Notes and Resources *** 👉5 T's Strategy Coordinator Series:  👉Unreached Peoples Conferenc"
From Choked Out to Fruitful The Pathway to Becoming Fourth Soil,"Tue, 09 Sep 2025 10:00:08 GMT",87,hosts,cpm_leadership,disciple_making,B,9,9,4,4,2,5,7,6.2,T3,"Feeling worn down in the grind of discipleship, church, work, or family life? In this episode, Dave and Mark get brutally honest about what it takes to keep going when fatigue, setbacks, and discouragement hit hard. They unpack Jesus’ parable of the soils in Mark 4 and show how resiliency is forged through the very trials that threaten to choke out our faith. If you’ve ever wondered how to stay fa"
How Model + Assist Turns Barriers into Breakthroughs,"Tue, 02 Sep 2025 10:00:08 GMT",119,hosts,disciple_training,cpm_leadership|disciple_making,B,9,7,5,5,3,5,7,6.2,T3,"Most disciple-making efforts stall out not because of lack of passion, but because leaders hit invisible barriers: confidence, competence, or both. In this episode of the H3X Podcast, Mark and Dave unpack why the model + assist phases of the training cycle are the key to overcoming those barriers and turning stuck moments into breakthrough growth. Rather than another polished workshop or theory-he"
Some Leaders Grow...Others Stall: The Invitation Challenge Dynamic,"Tue, 26 Aug 2025 10:00:09 GMT",107,hosts,cpm_leadership,meet_jesus|disciple_making,B,9,9,4,4,2,5,7,6.2,T3,"Discipleship isn’t just about passing on skills—it’s about discerning the art of when to lean in and when to step back. In this episode of the H3X Podcast, Dave and Mark unpack how Jesus modeled both high invitation and high challenge in his relationships, and how that shapes the way we develop leaders today. You’ll hear stories of what it looks like to disciple leaders over multiple years, and wh"
The Missing Piece Between Good Tools and Real Multiplication,"Tue, 21 Apr 2026 10:30:00 GMT",76,hosts,disciple_training,disciple_making|cpm_leadership,B,9,6,4,5,3,8,7,6.15,T3,"Good tools matter. But tools alone rarely lead to real multiplication. In this episode, Mark and Dave unpack what often gets missed between solid training and lasting fruit: seeing disciple-making lived up close, inside real habits, real relationships, and real ministry rhythms. They debrief the recent New York Covo Immersion and show why people don’t just need better content. They need withness, "
Tribes: A Too Often Missing Layer in Movements,"Tue, 03 Mar 2026 11:00:03 GMT",107,hosts,prayer_field,disciple_making|gospel,B,9,9,5,4,2,3,7,6.15,T3,"Most movements stall because they skip the tribe. We talk about personal faith and global mission. Private devotion and citywide impact. But the layer in between, the tribe, is where movements actually take root. Tribes are networks of households living the same way, reinforcing shared identity, and making obedience normal instead of exceptional. In this episode, we unpack the sociology and biblic"
Stop Managing Legacy: Why First Principles Matter More Than Momentum,"Tue, 16 Sep 2025 10:00:08 GMT",122,hosts,cpm_leadership,meet_jesus|disciple_training,B,9,9,5,4,2,3,7,6.15,T3,"Many leaders inherit thriving churches, movements, or teams—but quietly carry the crushing weight of “keeping it all going.” In this episode, Dave and Mark unpack how spiritual fatherhood frees emerging leaders from simply managing legacy and empowers them to rediscover the first principles that birthed the work in the first place. They explore how Jesus modeled this through essence and execution,"
The Multiplier Mandate Revealed From Genesis to Revelation,"Tue, 27 Aug 2024 10:00:02 GMT",97,hosts,cpm_leadership,disciple_training,B,9,8,5,4,2,5,7,6.15,T3,"In this episode of the H3X podcast, we dive deep into the essential ""minimums"" required for effective leadership in a multiplying church. Join us as we explore the critical DNA tools that ignite and sustain multiplication, drawing insights from both scripture and best practice modules. Whether you're a seasoned leader or just starting out, this episode will challenge and equip you to lead with cla"
"Invading Passions, Peoples, Places, and Professions with Guy Caskey","Tue, 24 Jan 2023 11:00:02 GMT",80,interview/guest,cpm_leadership,gospel|prayer_field,B,9,7,4,7,3,3,7,6.15,T3,"For more than 20 years, Guy Caskey has been instrumental in catalyzing movement in Houston and around the World. In this episode, he unpacks the systems that have been effective at multiplying disciples and networks across the Houston area that have invaded passions, peoples, places, and professions to ignite new movements of the gospel. Show Notes and Resources 👉City2City Immersion Weekend with G"
How the Early Church Made Clear Decisions in Chaotic Times,"Tue, 13 Jan 2026 11:00:09 GMT",112,hosts,cpm_leadership,,B,9,8,6,4,2,3,7,6.1,T3,"When culture feels chaotic and leadership decisions feel heavy, the church doesn’t need new strategies—it needs to recover an ancient precedent. In this episode, Mark and Dave call leaders back to the New Testament pattern of the Word of God, the Spirit of God, and the community of God working together to discern the way forward. Using Acts 15 as a case study, they show how the early church resist"
How City-to-City Collaboration Sparks Kingdom Growth,"Tue, 15 Oct 2024 10:00:02 GMT",75,hosts,cpm_leadership,disciple_making|simple_church,B,9,7,4,6,4,3,7,6.1,T3,"In this episode Mark and Dave discuss moving beyond transactional mission trips to deeper city-to-city and church-to-church collaboration. Mark shares his experience in New York City, emphasizing the importance of the right partnerships to grow the Kingdom from the ground up. They explore how collaboration between cities like Oklahoma City and New York can accelerate disciple-making, leadership de"
How to See Abundant Fruit,"Tue, 02 Aug 2022 10:00:02 GMT",80,hosts,cpm_leadership,disciple_training,B,9,9,4,4,2,4,7,6.1,T3,"In this episode, Mark shares about the heart of the movement leader. Jesus says in John 15 that it's to His Father's glory ""that you bear much fruit, showing yourselves to be my disciples."" How did Jesus and later Paul model the path to this kind of fruitfulness? The answer may surprise us because it directly confronts everything that pop motivation and expert youtube channels would say are the ke"
Gen Z. They’ll Talk About Jesus. Then They Ghost You.,"Tue, 10 Feb 2026 11:00:03 GMT",79,hosts,disciple_making,cpm_leadership,B,9,8,4,5,3,4,6,6.05,T3,"Gen Z will talk about Jesus all day and still disappear tomorrow. In this episode, we name the tension leaders keep running into: real spiritual openness paired with zero follow-through. We unpack what we’re seeing on the ground in New York and Oklahoma City, why ghosting isn’t just annoying but formative, and how digital-first relationships are warping discipleship. If you’re trying to move peopl"
The Son Who Learned to Multiply: Duncan's Story of Spiritual Fatherhood,"Tue, 21 Oct 2025 10:00:08 GMT",93,hosts,cpm_leadership,,B,9,7,4,5,3,5,7,6.05,T3,"Duncan's journey isn’t just about following Jesus: it’s about being fathered, mentored, and learning how to pour life into others. In this episode, he shares the raw, real challenges of stepping into spiritual family, learning to disciple, and multiplying what he’s been given. Hear how love, patience, and mentorship transformed a young follower into someone raising up the next generation of discip"
Plateauing is NOT an Option: How to Move Forward,"Tue, 12 Nov 2024 11:00:08 GMT",65,hosts,disciple_making,,B,9,8,5,4,2,4,7,6.05,T3,"What if the Kingdom of God doesn’t allow for plateaus? In this episode, we explore what it means to follow Jesus without settling — even when the path is unclear and others question your choices. From Jesus’ radical mission to John the Baptist’s moments of doubt, we discuss how to embrace faith, risk, and obedience, and why the Kingdom calls us to keep moving forward."
How to Identify Elders in the Messy Middle,"Tue, 24 Oct 2023 10:00:02 GMT",143,hosts,cpm_leadership,disciple_training|simple_church,B,9,7,5,4,2,6,7,6.05,T3,"Mark and Dave discusses the role and process of identifying elders in the growth and health of a church. They argues that the appointment of elders is a necessary step for a church's survival, while emphasizing the strategic function of ambiguity in Acts 13-14. Mark and Dave share their personal experience and highlight the importance of recognizing individuals' natural ability to lead and provide"
From Addition to Multiplication: The Emmaus Road,"Tue, 19 Apr 2022 10:00:03 GMT",74,hosts,cpm_leadership,gospel|simple_church,B,9,8,4,5,3,3,7,6.05,T3,We long for a movement of disciples multiplying in the earth until there is Noplaceleft. But if we were to witness a church planting movement that supposedly accomplished the Great Commission and the earth were not filled with men and women desperate for the glory of God and Jesus Christ above all else...we have failed. Check out this next episode from Dave Miller in the Sentergy Series audio blog
You Can’t Recruit the Leaders You Need,"Tue, 28 Jul 2026 10:00:00 GMT",93,hosts,disciple_training,cpm_leadership|meet_jesus,B,9,8,4,4,2,6,6,6.0,T3,"How Do People Discover They’re Leaders? Most leaders try to recruit people into a vision, but Jesus modeled something harder: do the work, open your life, and let the right people recognize themselves in it. Mark and Dave unpack why emerging leaders need more than an invitation. They need a visible model, shared values, and space to discover that they genuinely want to lead. If you’re tired of con"
Why “Just Make Disciples” Isn’t Enough,"Tue, 07 Jul 2026 10:00:00 GMT",93,hosts,simple_church,cpm_leadership|disciple_making,D,9,8,4,4,2,5,7,6.0,T3,"This episode pushes into the tension many practitioners feel: should you aim at making disciples, starting churches, or both? Mark and Dave argue that what you aim for is usually what you reproduce, so vague language creates vague outcomes. They unpack why disciple-making without a church pathway often stalls before leadership, and why church planting without disciple-making DNA creates gatherings"
How a Dinner Table Became a Community of Practice,"Tue, 20 Jan 2026 11:00:09 GMT",67,hosts,gospel,disciple_training|cpm_leadership,B,9,9,4,4,2,4,6,6.0,T3,"Most leaders don’t need more content, they need a place to actually practice the way of Jesus with other people. In this episode, Dave breaks down how a weekly dinner-table “community of practice” is forming disciples through a year-long, chronological walk through the Gospels. You’ll hear the simple structure, why it’s working, and how shared practice (not polished teaching) is producing real own"
Burnin' Grace in Worn Out Boots: Thoughts on 2 Timothy 2:1-7,"Tue, 30 Sep 2025 22:16:16 GMT",153,hosts,cpm_leadership,disciple_making,B,9,7,5,5,3,3,7,6.0,T3,"What if grace is more than pardon—and actually the power that fuels multiplication? In this episode, Justus, a young professional leader in Oklahoma City, unpacks 2 Timothy 2:1–7 and shows how grace strengthens believers like fuel in an engine. Through vivid stories, soldier-athlete-farmer analogies, and real-life failures (like running out of gas on I-40), he reveals how God multiplies small acts"
The Secret Ingredient of Trustworthy Leaders: What Paul Knew About Diligence,"Tue, 26 Nov 2024 11:00:07 GMT",82,hosts,cpm_leadership,prayer_field|meet_jesus,B,9,7,6,4,2,4,7,6.0,T3,"What sets a true leader apart? In this episode, we dive deep into the Apostle Paul's emphasis on diligence as a defining characteristic of trustworthy leadership, exploring examples from 2 Corinthians and Romans. Discover why small acts of faithfulness are the proving grounds for greater responsibility and how a ""yes"" that stays yes reveals the heart of a tested leader. Join us as we unpack practi"
Trust and Ownership: The Importance of Strategic Absence in Discipleship,"Tue, 30 Jul 2024 10:00:04 GMT",90,hosts,cpm_leadership,disciple_training|disciple_making,B,9,7,6,4,2,4,7,6.0,T3,"Let's talk about the training cycle for raising up multiplying leaders, focusing on the controversial ""L"" in the Model, Assist, Watch, and Leave/Launch (MAWL) framework. This episode emphasizes the importance of strategic absence to help new leaders grow and take ownership of their skills, drawing on examples from Jesus' ministry and practical leadership strategies like the One-Minute Manager. The"
How Prophecy & Healing Led Me to The Mission Field with David Campbell,"Tue, 31 Jan 2023 11:00:02 GMT",62,interview/guest,gospel,prayer_field,A+FieldNote,9,5,4,8,4,3,7,6.0,T3,"God took David and Keri Campbell on a journey of broad seed sowing that led to a demonstration of the gospel through healing. Ultimately, it led them to Berlin where God used them to catalyze work among Muslims. In this episode, David shares about the field and unpacks how God changed their thinking on healing and prophecy.⁠ 👉Connect with David on Instagram:"
"How We Are Learning Teaming Using ""Mobbing""","Tue, 01 Nov 2022 10:00:03 GMT",72,interview/guest,cpm_leadership,gospel|simple_church,B,9,7,4,6,2,4,7,6.0,T3,"""Mobbing"" is a way of teaming that has emerged out of the work in Southern California. It involves doing doing the activities of engaging, gospel-ing, discipling, gathering, and leadership development together in public places. Tim in SoCal and Kyle in DFW join again on this episode as we talk about what we are learning about teaming using ""mobbing."" * Show Notes and Resources * • Movements Podcas"
You Cannot Follow What You Cannot See,"Tue, 31 Mar 2026 10:00:02 GMT",90,hosts,disciple_making,disciple_training,B,9,7,4,5,3,4,7,5.95,T3,"Most disciple-making gets stuck because people hear a lot or train through tools but rarely see a life they can actually imitate. In this episode, Mark breaks down why Jesus didn’t mainly train through more explanation, but through withness, exposure, and real obedience in motion. He shows how immersion clears the fog, builds courage, and helps normal believers picture what following Jesus can act"
Ignite Multiplication in Legacy Churches with Bryan King,"Tue, 18 Oct 2022 10:00:02 GMT",77,interview/guest,cpm_leadership,,B,9,6,5,6,2,4,7,5.95,T3,Bryan King recently worked alongside a small team composed of leaders from the West and East to design a multiple month cohort for leaders who serve in legacy churches. Dave and Mark interview as he shares what they have developed which is heavy on principles at the beginning and then guides leaders to select or develop their own tools. Bryan shares some exciting early results! *** Show Notes and 
"If You Don’t Know When to Stop, You Don’t Understand the Work","Tue, 21 Jul 2026 10:00:00 GMT",74,hosts,disciple_making,cpm_leadership|meet_jesus,B,9,8,4,4,2,5,6,5.9,T3,"You can stay busy making disciples and still have no idea what you’re trying to produce. Mark and Dave explain why defining “done” gives you the focus to develop people without controlling them or keeping them dependent on you.They unpack how Jesus could call his work finished even though his disciples were still imperfect and growing. You’ll learn how to recognize when someone has enough skill, c"
Why Multiplication Breaks Down—and How Jesus Trains Us for the Whirlwind,"Tue, 09 Dec 2025 12:10:07 GMT",68,hosts,cpm_leadership,disciple_training|meet_jesus,B,9,8,4,4,2,4,7,5.9,T3,"Multiplication sounds simple until it collides with the real world and its mess. In this episode, we dig into why the mission that started in Eden now feels like navigating a tornado. Jesus actually told us this would happen—and he trained his leaders to thrive in it, not fold under it. You’ll walk away seeing the whirlwind differently and knowing how to lead with both simplicity and shrewdness."
Take or Toss: A Decade Inside #NoPlaceLeft,"Tue, 25 Nov 2025 11:00:07 GMT",86,hosts,disciple_training,cpm_leadership|prayer_field,B,9,5,4,6,4,5,7,5.9,T3,"Ten years in #NoPlaceLeft stripped away the hype and left only the essentials. In this episode, Mark and Dave take an honest inventory of their journey: what ideas, vision, pathway, models they kept, what they ditched, and why some of it surprised them even after a decade of experience. They dig into the tensions and the lessons that rarely get shared, revealing what has actually stuck after pract"
Covo Immersion Debrief: Does It Actually Work?,"Tue, 07 Oct 2025 10:00:08 GMT",73,hosts,prayer_field,cpm_leadership,B,9,6,4,6,4,3,7,5.9,T3,"We did an immersion—so was the juice worth the squeeze? In this episode, Mark and Dave debrief what really happened at the UPNA Conference and the first Covo Multipliers Immersion in Oklahoma City. You’ll hear what clicked for everyday covocational marketplace leaders, the lessons from failure and success, and why immersion may be the missing piece for breakthrough. Does immersion actually work to"
The Tension Between Power and Process: Lose Influence to Gain Authority?,"Tue, 23 Sep 2025 10:00:08 GMT",97,hosts,cpm_leadership,meet_jesus,B,9,8,4,4,2,4,7,5.9,T3,"When Jesus stepped into the synagogue at Capernaum, everything the Pharisees thought was stable was suddenly disrupted. In this episode, we explore the clash between positional authority and spiritual authority, and how Jesus’ response reframes leadership for His disciples and for us. You’ll discover why Jesus silenced demons who proclaimed Him as Messiah, how His authority flowed from relationshi"
Grit and the Gospel: Pressing On in Unreached Places,"Tue, 07 May 2024 10:00:03 GMT",49,hosts,gospel,cpm_leadership|prayer_field,B,8,9,4,4,2,4,7,5.9,T3,"In this episode we discuss the concept of ""doing the next right thing"" in ministry, emphasizing grit, faithfulness, and the power of gospel-centered witness. Learn how strategic prayer, cross-pollination among laborers, and unwavering commitment to Jesus can help overcome challenges in reaching the diaspora and building the multiplying church."
Unreached and Ignited: Catalyzing New Work in Little Saigon,"Tue, 16 Apr 2024 10:00:04 GMT",108,hosts,gospel,disciple_making|simple_church,B,9,7,6,4,2,4,6,5.9,T3,"In this podcast episode, Tim Hutchinson and Jordan Giusti discuss their experiences and insights from engaging in disciple-making and church planting efforts in the Los Angeles area, particularly focusing on the vibrant and diverse community of Little Saigon among the Vietnamese population. They share encouraging stories about local and international impacts, emphasizing the importance of collabor"
How to Hear God for Others with Stephen,"Tue, 28 Mar 2023 10:00:02 GMT",61,interview/guest,disciple_training,disciple_making,B,9,6,4,6,2,5,7,5.9,T3,"In this second episode with Stephen, we continue talking about prophecy and discipleship. Stephen shares his thoughts on how to approach training disciples in hearing God and what it will take for us to see more of it in our Western context. *** Show Notes and Resources *** 👉5 T's Strategy Coordinator Series:  👉Unreached Peoples Conference (Sept 28-30). Learn more at"
5 Things We've Learned a Year Into a New Work,"Tue, 13 Dec 2022 11:00:01 GMT",54,hosts,cpm_leadership,,B,8,7,4,6,4,3,7,5.9,T3,"We are all most effective in the work of multiplying disciples, leaders, and churches when we regularly take time to reflect and adjust. In this episode, Mark shares about embracing virtual strategies, learning from the context, and more as he reflects on 5 things he's learned a year into the work in New York."
Learning from an OKC Vietnamese Strategy Collaborator,"Tue, 13 Sep 2022 10:20:45 GMT",52,interview/guest,disciple_training,gospel|cpm_leadership,A+FieldNote,8,5,4,8,4,4,7,5.9,T3,"K, a Vietnamese Strategy Coordinator in Oklahoma City, joins Dave to discuss his 5T strategy and the fruit Jesus is bringing to the harvest work among his team. Gold nuggets of training, strategy, and innovation along with a healthy dose of encouragement. Show notes: • NoPlaceLeft Discord (NPL tools in various languages):"
God in Crisis with Mary Roberts,"Tue, 16 Nov 2021 11:00:10 GMT",66,interview/guest,cpm_leadership,,B,9,7,4,6,2,3,7,5.9,T3,"The Church at large is missing out on some of the greatest windows of opportunity that God gives us through crisis. Crisis creates a limited time frame of access and receptivity in the lives of those affected. Mary Roberts is asking the question: what if we saw this opportunity as a catalyst to multiply locally owned disciples, churches, leaders, and sustainable transformation? God in Crisis Links"
The 12 Habits of Highly Effective Disciples,"Tue, 26 May 2026 10:03:00 GMT",97,hosts,disciple_making,cpm_leadership,B,9,6,5,4,2,6,7,5.85,T3,"Most discipleship conversations get stuck on tools, but this episode pushes deeper: what kind of person are you becoming? Mark and Dave walk through Acts 2:36–47 and show how the first church was formed by a simple pattern of identity, devotion, and overflow.The punch is clear: you do not build multiplying disciples by tacking spiritual tasks onto a busy life, you become the kind of person whose n"
Stop Spinning Your Wheels The CFC Framework for 2026,"Tue, 16 Dec 2025 11:00:08 GMT",81,hosts,cpm_leadership,disciple_making,B,7,8,5,4,2,6,7,5.85,T3,"2026 will not be won by the leader with the biggest vision, but by the one who masters commitment, focus, and consistency (CFC). In this episode, we break down how to identify your highest-leverage actions, build daily rhythms, and create a leadership pipeline that multiplies disciples and leaders. You’ll discover practical ways to avoid spinning your wheels, overcome overwhelm, and stay faithful "
She Stopped Waiting to Go...And Started Saying Yes,"Tue, 14 Oct 2025 10:00:08 GMT",72,hosts,cpm_leadership,disciple_making|simple_church,B,9,7,5,4,2,4,7,5.85,T3,"What if the call to mission isn’t somewhere out there...but right where you stand? In this episode, Mark and Dave sit down with Houston leaders Guy Caskey and Kristen Funderburg, who once dreamed of going overseas but discovered that obedience started in her own backyard—and eventually led her into Texas prisons. Hear how saying “yes” to God in small, ordinary steps opened doors to extraordinary c"
Vision Casting- 3 Ways to Understand A Leadership Must,"Tue, 11 Mar 2025 19:58:59 GMT",164,hosts,cpm_leadership,disciple_making,B,9,7,5,4,2,4,7,5.85,T3,"In this episode of the H3X podcast, hosts Mark Goering and Dave Miller dive deep into the critical leadership skill of vision casting. They explore why some leaders naturally articulate vision while others struggle, and how all leaders can improve their ability to cast vision effectively. The discussion covers the importance of pairing vision with core values, maintaining clarity in communication,"
Behind the Scenes of Doctrinal Defense: A Leadership Dilemma,"Wed, 23 Oct 2024 10:00:02 GMT",79,hosts,cpm_leadership,prayer_field,B,9,7,4,5,3,3,7,5.85,T3,"Dave unpacks the challenges faced by the multiplying church in Oklahoma City, particularly dealing with false prophets and heresies that threatened to disrupt the work. He explains the need for a doctrinal statement to help mature believers and protect the community from wolves. By engaging the entire network in crafting these statements, he and other leaders aimed to strengthen the theological fo"
"Urban Rebar: Cutting Across City Segments with Live, Work, Play","Tue, 23 Apr 2024 10:00:04 GMT",78,hosts,gospel,disciple_making|prayer_field,B,9,7,5,4,2,4,7,5.85,T3,"A look into the intriguing concept of ""urban rebar,"" exploring its potential to redefine mission strategies within urban settings. Dave and Mark discuss how viewing cities as networks of interconnected people groups—much like the reinforcing bars in concrete—can enhance our understanding of urban evangelism. By examining the cross-sections of society, they aim to identify new pathways for the gosp"
Lets Talk Diaspora with Bud Houston,"Tue, 09 May 2023 10:00:02 GMT",84,interview/guest,disciple_making,,B,9,6,5,6,2,4,6,5.85,T3,Bud Houston joins Mark in this episode to talk diaspora and his new podcast project that center around the 281 million people in the diaspora today. Each episode they hope to provide a clear picture of what is happening in the diaspora in North America and around the world. Let’s Talk Diaspora podcast is perfect for anyone who wants to deepen their understanding of cross-cultural and diaspora miss
Engaging UPG's in LA with Tim Hutchinson & Kyle Pierson,"Tue, 25 Oct 2022 10:00:02 GMT",73,interview/guest,cpm_leadership,,B,9,6,5,6,2,3,7,5.85,T3,"In this episode, Tim Hutchinson in Los Angelos along with Kyle Pierson share about the shocking lack of laborers in LA engaging UPG's. Hear stories of what is happening and opportunities for pioneering a multiplying strategy among unreached people groups. *** Show Notes and Resources *** • Want to get involved or hear more about the work happening in LA? Get in touch with Tim: tim.hutchinson@htmov"
How to Reset The Discipleship Narrative,"Tue, 19 Oct 2021 10:00:08 GMT",58,hosts,disciple_making,cpm_leadership,B,8,7,4,5,3,5,7,5.85,T3,Our World is full of a lot of noise and is constantly trying to drag us into its story. Understanding the role of resetting the narrative as a disciple maker can give you the insight you need to help your disciples and leaders to go the distance. ⁠ ⁠ Show Notes: - Listen to the Co-Workers Podcast Here:
You Want Lost to Leader. But What’s the Path?,"Tue, 19 May 2026 10:00:00 GMT",98,hosts,gospel,cpm_leadership,B,9,7,4,4,2,6,6,5.8,T3,"Most leaders want to see lost people become disciple-makers, but the gap between desire and action gets fuzzy fast. In this episode, Mark and Dave name the two biggest barriers: not knowing where to start and not knowing what to do next. They push back on the fear that a “lost to leader” pathway is too mechanical and show why clarity actually helps you stay steady when people get messy, distracted"
Movement or Movements? The Question That Exposes Your Heart,"Tue, 24 Mar 2026 10:00:02 GMT",100,interview/guest,cpm_leadership,gospel,B,9,6,4,6,2,4,7,5.8,T3,"Chuck Wood joins Mark and Dave for one of the more honest conversations the H3X podcast has had. Three movement guys sitting with a hard question: are we pursuing a movement of the gospel, or have we made movements the gospel? Chuck, Mark, and Dave each share their own burnout stories and what God had to do in their hearts before the work could become something sustainable. The conversation lands "
"Founders, Scars, and the Myth of Scaling Fast","Tue, 10 Jun 2025 10:00:07 GMT",74,hosts,cpm_leadership,,B,9,8,4,4,2,3,7,5.8,T3,"What does it really mean to lead like a spiritual father? In this episode, Mark and Dave unpack Paul’s blueprint for apostolic leadership—not as a flashy strategist, but as a scarred founder willing to build slow and love deep. You'll hear why foundations matter, why founders must be misunderstood, and why the scars validate the message. If you’re vision is multiplying leaders, movements, or churc"
From Classroom to Living Room - What Really Multiplies,"Tue, 20 May 2025 10:00:08 GMT",109,hosts,cpm_leadership,disciple_making|disciple_training,B,9,7,4,4,2,5,7,5.8,T3,"What if the key to long-term fruit in hard places isn’t strategy, but surrender? In this episode, we unpack raw lessons from a movement leader just back from South Asia after four intense years of frontline work. You'll hear what insiders need most from outsiders—and the surprising mistake most cross-cultural workers make. Whether you're leading at home or abroad, this one will reshape how you thi"
Unlocking Lasting Church Growth: The Hidden Power of the Harvest,"Tue, 01 Oct 2024 10:00:02 GMT",100,hosts,cpm_leadership,gospel|disciple_making,B,9,8,4,4,2,3,7,5.8,T3,"A dive into the concept of the harvest as both a great equalizer and a great reset in church multiplication. Dave and Mark discuss how the harvest forces leaders to refine their skills and reset their understanding, while staying focused on the mission of making disciples. They share transparent stories of success and failure in church planting, highlighting the importance of the harvest as the re"
Creed and Confession: Navigating Clarity in Decentralized Movements,"Tue, 10 Sep 2024 10:00:02 GMT",83,hosts,cpm_leadership,prayer_field,B,9,8,4,4,2,3,7,5.8,T3,"Dave and Mark are joined by Chris Lynch, who shares his insights on the importance of creed and confession within a decentralized network like No Place Left. They discuss the challenges of maintaining clarity and unity in a movement with diverse leaders and beliefs, emphasizing the need for cooperation and dialogue to keep the mission of multiplying disciples and churches on track. Chris, Mark, an"
How We Are Using AI in Movement Strategy (And Our Concerns),"Tue, 30 Apr 2024 10:00:04 GMT",63,hosts,cpm_leadership,,B,9,7,4,4,2,5,7,5.8,T3,"In this episode Dave and Mark explore the role of AI tools in the growth and leadership of multiplying churches. They share how AI can be used to find reliable sources, solve problems, and enhance discussions. Tune in as they discuss how AI can serve as a resource for movement leadership while addressing potential risks and maintaining a relational approach. Perplexity Search Example:"
Living the Tension: Creating Micro-Macro Momentum,"Tue, 13 Feb 2024 11:00:02 GMT",69,hosts,cpm_leadership,disciple_making,B,9,8,4,4,2,3,7,5.8,T3,"Dave and Mark delve into the tension between engaging in individual discipleship and maintaining a broader vision for ""What's it going to take?"" endvision. They emphasize the necessity of operating in both micro and macro to effectively multiply disciples, leaders, and churches. The conversation highlights practical ways leaders can navigate this tension, fostering a mindset of multiplication root"
We Track THESE 3 Things to Stay on Target,"Tue, 28 Nov 2023 11:00:03 GMT",87,hosts,gospel,disciple_making|simple_church,B,9,8,4,4,2,4,6,5.8,T3,"In this podcast episode, Mark discusses the importance of tracking in order to assess progress towards the goal of reaching every place with the gospel. Tracking helps leaders assess how they are doing and develop a strategy for their context. We need to track the right things -- Mark mentions three key metrics he uses in his context: gospel shares, baptisms, and churches. These metrics help them "
How Vision Casting & Bible Study Propel Discipleship,"Tue, 18 Apr 2023 11:57:38 GMT",69,hosts,cpm_leadership,disciple_making,B,9,8,4,4,2,3,7,5.8,T3,"Is there a place for preaching in movement methods? in this episode, Dave and Mark explore the function of the parts of our discipleship process. They look at the vision cast and Bible study parts of the 3/3 to unpack how leaders can lead in a way that propels discipleship. *** Show Notes and Resources *** 👉5 T's Strategy Coordinator Series:  👉Unreached Peoples Conference (Sept 28-30). Learn more "
How COVID Taught Us to Focus (And Why We Will Never Go Back),"Tue, 04 May 2021 10:00:05 GMT",52,hosts,disciple_training,,B,8,8,4,4,2,6,6,5.8,T3,Everybody struggled with focus during 2020. This is how we adapted ministry to the new normal of uncertainty (that continues for the foreseeable future) to identify highest value activities and how to train our churches and disciples in them so that we stay focused on the mission God has called us to.
Content vs. Systems: The Game-Changer for Leadership Development,"Tue, 28 Jan 2025 11:00:07 GMT",73,hosts,cpm_leadership,disciple_making,B,9,7,5,4,2,3,7,5.75,T3,"Are you relying on great content to drive transformation, only to cycle through content without seeing change? In this episode, we unpack the critical difference between content and systems and reveal why even the best content will fail without the right framework. You’ll hear practical insights on building processes that lead to real growth and multiplying leaders who thrive. Don’t miss this eye-"
4. Dynamic Leadership: From Manager to Influencer,"Thu, 04 Apr 2024 10:00:02 GMT",124,hosts,cpm_leadership,,B,9,6,4,5,3,4,7,5.75,T3,"Trust IS the leadership currency. Things don't trust, but people do. If you don't have credibility, you can't lead people. Your character, reputation, and credibility are everything when building trust. Do others follow you when there is no manual to tell you what to do? Here is how to move from management of things to dynamic leadership of people. Join Nate and Dave to In this episode: The differ"
Longsuffering and the 6 Demands of Success,"Tue, 19 Sep 2023 11:00:02 GMT",106,hosts,cpm_leadership,gospel,B,7,8,4,5,3,4,7,5.75,T3,"Jump in with us on the content from our September H3X Leadership Live in OKC! the 6 Demands of Success and Longsuffering. Hard Work | Patience | Sacrifice | Consistency | Discipline | Faith Read the articles on Sentergy.us 6 Demands of Success Active Patience: Embracing Obstacles as the Path Unreached Peoples North America Summit September 28-30, 2023 | Kansas City, MO More than another missions c"
The Genius of The Two Church Model,"Tue, 30 Jun 2026 10:00:00 GMT",92,hosts,disciple_training,simple_church|disciple_making,D,9,7,4,4,2,4,7,5.7,T3,"Most disciple-making training fails because people hear the content but never see it lived. In this episode, Mark and Dave unpack why information alone does not create competent disciple-makers, and why most people need reps, ""withness,"" accountability, and temporary incompetence. The two-church model gives ordinary believers a way to learn church by participating in one gathering while starting r"
Your Job is Not in The Way of Your Calling,"Tue, 28 Apr 2026 10:00:00 GMT",85,hosts,prayer_field,gospel|disciple_making,B,9,7,4,4,2,4,7,5.7,T3,"Your job is not in the way of your calling. In this episode, Mark and Dave unpack why work, business, family, neighborhood, and mission were never meant to live in separate compartments. They show how your workplace may not just fund ministry, but become one of the main places God has already given you access for the gospel. If you have ever felt torn between making a living and making disciples, "
You're Overestimating This Year. You're Underestimating the Next Three.,"Tue, 10 Mar 2026 10:30:03 GMT",71,hosts,disciple_making,cpm_leadership,B,7,8,4,4,2,6,7,5.7,T3,"Everyone wants multiplication fast. But the people who last in disciple-making learn something different. In this episode, Mark and Dave talk about why most leaders burn out chasing one-year results and how long obedience through habits and rhythms actually produces multiplication. If you want to stay faithful in ministry for decades instead of flaming out in a few years, this conversation will re"
"The Priscilla & Aquila Pattern: Business, Church, and Bold Faith","Tue, 06 May 2025 10:00:08 GMT",97,hosts,prayer_field,cpm_leadership,B,9,6,6,4,2,4,6,5.7,T3,"What do ancient prophets, co-vocational ministry, and your personal faith journey have in common? In this episode, Mark and Dave unpack the powerful biblical pattern found in Elijah and Elisha's lives — and how it still speaks directly to seasons of fear, faith, and stewardship today. Through raw stories of financial struggle, miraculous provision, and modern-day application, they explore what it "
Why Great Leaders Fail: The Biblical Pattern You Can’t Ignore,"Tue, 04 Feb 2025 11:00:07 GMT",74,hosts,cpm_leadership,disciple_making,B,9,6,6,4,2,3,7,5.7,T3,"Leadership isn't just about vision—it’s about navigating the messy middle between God’s intentions and the reality on the ground. In this episode, we unpack the biblical pattern of covenant obedience and disruption, exploring how Noah and Abraham’s choices shaped generations. What small decisions in your leadership are setting future trajectories—toward fruitfulness or failure? Join us as we wrest"
'Go Slow to Go Fast' Could Transform Your Leadership Pipeline,"Tue, 21 Jan 2025 11:05:06 GMT",69,hosts,cpm_leadership,,B,9,7,4,4,2,4,7,5.7,T3,"How do we raise up leaders in the Kingdom who don't just follow but multiply disciples? In this episode, we explore the transformative power of community in building leadership pipelines that last. Discover why 'go slow to go fast' isn't just a saying—it’s the key to multiplication without compromise. Tune in for actionable insights to shape leaders with the head, heart, and hands to impact the Ki"
"How to Overcome The Effects of ""Movement Method Inoculation""","Tue, 15 Nov 2022 11:00:02 GMT",51,hosts,cpm_leadership,disciple_training,B,8,7,4,4,2,6,7,5.7,T3,"The premise: knowledge without action equals inoculation to practice. In this episode, Mark and Dave unpack the necessity of erring on the side of action and how we as movement leaders overcome the effects of ""inoculation"" to movement methods in the West when methods become familiar without a culture of practice."
11 Characteristics of Catalysts Unpacked With Emanuel Prinz,"Tue, 11 Oct 2022 10:00:02 GMT",117,interview/guest,cpm_leadership,,B,9,6,4,6,2,3,7,5.7,T3,Dave and Mark sit down for a conversation with an author who is both a practitioner and researcher to unpack 11 characteristics of movement catalysts that have emerged from his research into movement leaders. His name is Emanuel Prinz and he’s just released a new book entitled Movement Catalysts: Profile of an Apostolic Leader. Listen as we ask Emanuel questions like: can these characteristics be 
"How to Integrate ""Withness"" into Your Disciple-making","Tue, 25 May 2021 10:00:17 GMT",36,hosts,disciple_making,disciple_training,B,8,7,4,4,2,7,6,5.7,T3,"Time with His disciples was central to Jesus's method, but how do we do this effectively? In this episode we look at how focus and ""withness"" intersect and how you can apply withness in your disciple-making."
Are You Innovating Your Way Out of Disciple-Making Success?,"Tue, 05 May 2026 10:15:00 GMT",92,hosts,disciple_making,cpm_leadership|meet_jesus,B,9,7,5,4,2,3,6,5.65,T3,"What if your biggest disciple-making problem is not failure, but aiming at ""success"" and getting something different than how Jesus defines it? In this episode, Mark and Dave unpack why a production mindset can quietly turn people into projects and push us to “innovate our way out of success.” They show how Jesus defines success through time, transformation, relationship, and reproduced lifestyle,"
The Teaming Story of San Antonio,"Tue, 04 Mar 2025 11:00:08 GMT",57,hosts,gospel,prayer_field|cpm_leadership,B,8,7,4,5,3,3,7,5.65,T3,"In this episode we hear the role of collaboration in reaching San Antonio. Jason, John and Bryan in San Antonio share stories of leaders, traditional churches, and everyday believers working together to engage the lost. From college campuses to workplaces and neighborhoods, they’re building partnerships that break down silos and unleash gospel engagment beyond the church walls."
Leadership with Nate and Dave - Intro to Thursday H3X,"Tue, 27 Feb 2024 11:00:01 GMT",47,interview/guest,cpm_leadership,,B,8,6,5,6,2,3,7,5.65,T3,"Nathan Elliot joins Dave Miller to kick off a new segment on H3X. Leadership with Nate and Dave will release each Thursday. They will discuss catylizng leaders of conviction, character, and action that last. This first episode introduces Nathan and gives sneak peak at what is ahead."
5 Ways to Attract Multiplying Leaders with Mark,"Tue, 25 Apr 2023 10:00:02 GMT",55,interview/guest,cpm_leadership,,B,8,6,5,6,2,3,7,5.65,T3,"Stop recruiting leaders. Yes, you heard that correctly. Join Mark as he lays out why attracting leaders affects multiplication and 5 core principles to attract and invest in emerging leaders that are committed focused and consistent. *** Show Notes and Resources *** 👉5 T's Strategy Coordinator Series:  👉Unreached Peoples Conference (Sept 28-30). Learn more at"
How I Got Started in Reaching Gujarati with Jane Behan,"Tue, 21 Feb 2023 11:00:02 GMT",72,interview/guest,disciple_making,,B,9,4,4,7,3,5,6,5.65,T3,"How do you get started in engaging and reaching a target people group? In this episode, Jane Behan shares her story of being called to reach Hindus, finding a massive concentration of Gujarati in the town she lives, and how she got started reaching them. ** Show Notes and Resources ** 👉Get in Touch with Jane: jbehan@globalgates.info 👉Gujarati Resources:  👉5 T's Strategy Coordinator Series:  👉Unrea"
5 Guardrails For Hearing God Through His Word,"Tue, 12 Jul 2022 10:00:02 GMT",51,hosts,disciple_making,disciple_training,B,8,6,4,5,3,5,7,5.65,T3,"Making disciples that know how to rightly engage with God's Word in order to hear His voice is central to the task. In this episode, Dave shares 5 very helpful guardrails that have emerged from his own lived experience and history of disciple-making that you can implement in your own practice."
How Listening and Shaking The Salt fits into Gospeling,"Tue, 13 Jul 2021 10:00:02 GMT",38,hosts,gospel,,B,8,7,5,4,2,4,7,5.65,T3,Listen as we unpack how to live in the tension of a gospel that must be proclaimed boldly with a lifestyle of listening and shaking the salt. One without the other impacts our effectiveness as witnesses and disciple-makers.
The Cost of Clarity: Are You Willing to Lead Differently?,"Tue, 15 Apr 2025 10:00:08 GMT",62,hosts,cpm_leadership,disciple_making|disciple_training,B,9,7,4,4,2,3,7,5.6,T3,"Is your leadership building a movement or just drawing a crowd? In this episode, Dave and Mark unpack how clarity fuels multiplication, not just addition. They challenge vague leadership models and offer practical ways to shape disciple-making leaders who carry DNA, not just titles. If you’ve ever felt tension between wanting commitment and fearing the cost of clarity—this one will hit home."
"Why Leaders Are Readers- Relational, Critical, and Practical Skills from the Page","Tue, 08 Apr 2025 16:23:04 GMT",111,hosts,cpm_leadership,,B,9,7,4,4,2,3,7,5.6,T3,"In this episode of the H3X Podcast, Dave Miller dives into the unexpected but essential connection between reading and leadership. Dave shares his personal journey from a reluctant reader to an avid one, inspired by a mentor whose love of books transformed his leadership style. Discover how reading can supercharge your ability to build authentic relationships, think critically, and solve problems "
Breaking Barriers: The Dance of Chaos and Control,"Tue, 25 Mar 2025 10:00:08 GMT",79,hosts,cpm_leadership,,B,9,7,4,4,2,3,7,5.6,T3,"Ever wondered how chaos and clarity can coexist to forge exceptional leaders? In this insightful episode of the pod, we dive into the tension between streamlined efficiency and wild innovation, revealing how both are vital to spark multiplying movements. Discover why embracing the mess might just be the secret to breaking barriers and why too much order could stall your progress. Tune in to unlock"
Jesus: The Master of Micro & Macro,"Tue, 05 Mar 2024 11:00:01 GMT",65,hosts,cpm_leadership,disciple_making,B,9,7,4,4,2,3,7,5.6,T3,"Chuck Wood leads a discussion into the dynamic interplay of personal growth and broader mission impact, reflecting on Jesus's approach to mentorship and mission, emphasizing the power of multiplication through focused discipleship. The episode delves into Jesus's strategy of balancing muddy boots leadership and mentorship with expansive mission work, illustrating the critical role of micro actions"
"Getting to Tipping Points: Connectors, Mavens, and Salesmen","Tue, 20 Feb 2024 11:00:02 GMT",86,hosts,cpm_leadership,,B,9,7,4,4,2,3,7,5.6,T3,"In this episode, Dave and Mark explore the powerful concepts from Malcolm Gladwell's ""Tipping Point"" and their application to spreading the movement of church multiplication. They discuss the crucial roles of connectors, mavens, and salesmen in achieving a tipping point within the context of church growth and disciple making. The conversation highlights the importance of leveraging these roles to "
Our Message To Leaders in The Institutional Church,"Tue, 11 Jul 2023 10:00:02 GMT",59,hosts,cpm_leadership,disciple_making,B,8,8,4,4,2,3,7,5.6,T3,"The culture in our World is deconstructing everything. Movements are emerging in many sectors that reject institutions and all they stand for. However, the multiplying discipleship and church movements have a different message for institutional leaders. Let's talk about it. *** Show Notes and Resources *** 👉5 T's Strategy Coordinator Series:  👉Unreached Peoples Conference (Sept 28-30). Learn more "
Getting to Church Matters. Here's Why.,"Tue, 28 Feb 2023 11:00:02 GMT",79,hosts,disciple_making,,B,9,7,4,4,2,3,7,5.6,T3,"In a Western context with a lot of pragmatic thinking built into programatic church, some have pushed back by re-emphasizing disciple-making. The thinking has been: “If you make disciples, you’ll get church.” In this episode, Dave leads a conversation in unpacking the role of church, why it’s essential in our disciple-making process, and the need for tensions in our approach. *** Show Notes and Re"
Mark's Thoughts on Spiritual Gifts And Pursuing #NoPlaceLeft,"Tue, 20 Sep 2022 13:26:42 GMT",47,hosts,cpm_leadership,prayer_field,B,8,8,4,4,2,3,7,5.6,T3,"Where does the demonstration of the kingdom through signs and wonders, prophecy, deliverance and healing prayer fit into seeing God's Kingdom come and a movement of disciples and churches happen? In this episode, Mark shares his thoughts on the connection between spiritual gifts and pursuit of NoPlaceLeft."
Breaking Bread: Making Space to Hear the Spirit's Lead,"Tue, 31 Aug 2021 10:00:19 GMT",53,hosts,cpm_leadership,,B,8,8,4,4,2,3,7,5.6,T3,"What role does ""breaking bread"" have in multiplying disciples, leaders, and churches? Actually, a lot. Things are always relational before they are organizational. In this episode we unpack why sharing the table is a huge key to the head, hearts, and hands of those that will reach Cities and accomplishing the Great Commission."
The Leadership Phase Everyone Skips: Why Investment Matters,"Tue, 17 Dec 2024 11:00:07 GMT",63,hosts,cpm_leadership,,B,9,6,5,4,2,3,7,5.55,T3,"In this episode, we explore the often-overlooked investment phase of leadership development and why it’s critical for creating leaders who can sustain and multiply Kingdom impact. Discover how navigating failure, building character, and redirecting raw initiative transform emerging leaders into trustworthy ones. Learn practical insights and biblical patterns to strengthen your leadership pipeline "
Beyond Influence: What Truly Defines Great Leadership,"Tue, 10 Dec 2024 11:00:07 GMT",72,hosts,cpm_leadership,,B,9,6,5,4,2,3,7,5.55,T3,"It's a crucial question: what makes leadership truly effective? Dave and Mark explore how leadership goes beyond influence, diving into the importance of character development, relational proximity, and the messy, transformative work of mentoring. Through examples from the life of Jesus, they reveal how addressing heart issues shapes leaders who can stand the test of time—so, what does it take to "
Wisdom in Leadership: Navigating Controllables and Uncontrollables,"Tue, 25 Jun 2024 10:01:11 GMT",69,hosts,cpm_leadership,,B,9,6,5,4,2,3,7,5.55,T3,"In this episode we discuss the role of wisdom in leadership, emphasizing the importance of focusing on controllables and leaving the rest to God. Dave and Mark explore the mystery of God's work in the parable of the sower, highlighting the need for faithful stewardship and community contribution. The conversation underscores the challenge of navigating individualism and the necessity of biblical w"
Redeeming Time And Reaching Cities Through Hubs with Guy and Kelli Caskey,"Tue, 28 May 2024 10:00:04 GMT",72,interview/guest,disciple_making,cpm_leadership,B,7,6,4,7,3,4,6,5.55,T3,"Guy and Kelly Caskey join to unpack the importance of redeeming time, creating hubs for collaboration, and being Spirit-led in urban discipleship efforts in Houston. The Caskeys share their experiences of engaging people where they are, transforming lives through relational ministry, and the significance of long-term commitment. Listeners will gain insights into practical strategies for multiplyin"
5. Adaptive Leadership - Navigating Change and Inspiring Growth,"Thu, 18 Apr 2024 10:00:04 GMT",123,hosts,cpm_leadership,disciple_training,B,9,6,5,4,2,3,7,5.55,T3,"Dave Miller and Nathan Elliott explore situational leadership in developing church leaders. They delve into the model's four main situations, stressing the importance of adapting leadership styles to meet individuals' needs. The discussion underscores the value of grit, resilience, and community-focused leadership in fostering effective leaders. Situational leadership requires a balance of directi"
Navigating the Pendulum Swing: Finding Catalytic Momentum,"Tue, 02 Apr 2024 10:00:02 GMT",58,hosts,cpm_leadership,disciple_making|prayer_field,B,8,7,5,4,2,3,7,5.55,T3,"This episode delves into the concept of the pendulum swing between micro and macro approaches in church leadership, emphasizing the need for constant momentum rather than static balance. Jesus exemplified this dynamic by shifting between micro-level engagement and macro-level impact, calling each of us to steward momentum and navigate identity, success definitions, and relationship dynamics amidst"
Embodying Ownership: The Key to Proactive Leadership,"Tue, 16 Jan 2024 11:00:03 GMT",65,hosts,cpm_leadership,,B,9,5,5,4,2,5,7,5.55,T3,"In this episode, Dave and Mark delve into the vital connection between habits, goals, and effective leadership. They explore the importance of being proactive, discussing how starting with even the smallest steps can lead to significant progress in personal and kingdom impact growth. The episode offers insights into overcoming procrastination and setting up systems for success, emphasizing the imp"
Repent and Believe Leaders,"Tue, 30 May 2023 10:00:02 GMT",59,interview/guest,cpm_leadership,,B,8,5,4,7,3,3,7,5.55,T3,"Is repentance a one time action or a pattern of the Christ follower? Dave joins Micah, a young leader in OKC, to talk about the core DNA of repentance and its necessity in the life of a multiplying kingdom leader. ** Show Notes and Resources ** 👉5 T's Strategy Coordinator Series:  👉Unreached Peoples Conference (Sept 28-30). Learn more at"
A Baptist and a Charismatic Talk Spiritual Gifts (p.1),"Tue, 27 Sep 2022 10:00:02 GMT",68,hosts,disciple_training,,B,9,5,4,5,3,4,7,5.55,T3,"Mark and Dave tackle the beauty of iron sharpening iron when theological backgrounds collide for the benefit of the Kingdom. In this first of two episodes on the topic of spiritual gifts, they share their story in learning from one another and how hearing God is communicated in their different church cultural backgrounds.⁠ Show Notes: Watch and check out Mark's Kingdom Ministry Training Notes and "
Balancing Width and Depth in Disciple Making Movements,"Tue, 12 Oct 2021 10:00:16 GMT",35,hosts,simple_church,cpm_leadership,B,8,7,4,5,3,3,6,5.55,T3,What does it look like to pursue both width of Kingdom expansion and the church health of Kingdom depth? Kenny Fong shares from his story and the unfolding work across Africa to answer this question.
The Two Barriers Quietly Killing Your Momentum,"Tue, 24 Feb 2026 11:00:02 GMT",79,hosts,prayer_field,cpm_leadership,B,9,6,4,4,2,5,6,5.5,T3,"Most disciple-makers don’t quit. They just scatter their energy. In this episode, we name the two hidden barriers that quietly stall multiplication and show you how to break through them in the places you already live, work, and play. You’ll learn how to stop chasing random opportunities and start stewarding real networks over time. If you’ve felt the tension between intention and traction, this c"
How to Actually Have Spiritual Conversations,"Tue, 03 Feb 2026 14:25:13 GMT",77,hosts,gospel,cpm_leadership,B,7,8,4,4,2,4,7,5.5,T3,"Most disciples don’t struggle with belief. They struggle with starting the conversation. In this episode, Mark breaks down the Conversation Box, a simple, repeatable way to move from small talk to real gospel conversations without being awkward or needing to be a natural evangelist. If you’ve ever thought “I wouldn’t know what to say next,” this gives you handles you can actually use this week. Th"
"Start, Strengthen, Sustain: Growing Leaders Who Multiply","Tue, 04 Nov 2025 11:00:09 GMT",85,hosts,cpm_leadership,,B,9,6,4,4,2,4,7,5.5,T3,"In this episode, we explore how leaders multiply when they’re given space to grow in their own backyard. Shawn and Ralana share how leadership scales through hands-on learning, mentoring, and support: invited into family, given a voice, and developed as they navigate the Start → Strengthen → Sustain journey. You’ll see why true multiplication comes from creating environments where leaders do, lear"
Repetition Over Innovation: Why Consistency Wins in 2025,"Tue, 07 Jan 2025 11:00:07 GMT",89,hosts,cpm_leadership,disciple_making|disciple_training,B,7,7,4,4,2,6,7,5.5,T3,"In this episode, we dive into the power of repetition and why it's the key to lasting success in 2025. We explore how consistent reps of simple habits can lead to profound breakthroughs in discipleship, leadership, and ministry. If you're looking for practical ways to stay focused and make steady progress toward your goals, this conversation will help you reframe the mundane into a powerful rhythm"
Building Leaders: Creating Effective Learning Environments,"Tue, 16 Jul 2024 10:00:04 GMT",61,hosts,disciple_training,cpm_leadership,B,9,6,4,4,2,4,7,5.5,T3,"In this episode, Dave and Mark discuss creating effective learning environments to grow disciples and leaders. They emphasize the importance of integrating various learning styles, including hands-on experience and interactive training. They highlight the need for problem-solving environments, real-time feedback, and personal mentorship to develop well-rounded leaders. Balancing structured pathway"
Beyond Entitlement: Cultivating Leadership Grit and Grace,"Tue, 09 Apr 2024 10:00:02 GMT",50,hosts,cpm_leadership,,B,8,7,4,4,2,4,7,5.5,T3,"This episode takes a look into the heart of leadership in today's consumer culture, offering insights and strategies to foster resilience, grit, and grace among church leaders. Dave and Mark talk about how to navigate entitlement mentalities, emphasizing the importance of perseverance and adaptability in the pursuit of impactful leadership."
Navigating the Whirlwind: How to Stay Focused in 2024,"Tue, 09 Jan 2024 11:00:03 GMT",58,hosts,cpm_leadership,,B,6,8,4,4,2,6,7,5.5,T3,"In this episode, Mark and Dave explore the art of staying focused in church leadership and planting. Get practical tips on setting milestones, overcoming distractions, and turning vision into action in 2024. Perfect for leaders and disciple-makers seeking impactful strategies in their ministry before the whirlwind of 2024 hits. *** Show Notes and Resources *** The 3:3:3 Tool:"
"Burning Bright, Not Out: Balancing Urgency and Longevity in Leadership","Tue, 02 Jan 2024 11:00:03 GMT",73,hosts,cpm_leadership,,B,9,6,4,4,2,4,7,5.5,T3,"Mark and Dave discuss the importance of balancing urgency and longevity in Christian leadership, drawing insights from the parable of the Ten Virgins in Matthew 25. They emphasize the necessity of being spiritually prepared and having a deep, personal relationship with Jesus to avoid burnout and ensure sustainable ministry. The conversation highlights the dangers of prioritizing tasks over intimac"
How to Go the Distance: Learning to Mourn,"Tue, 05 Sep 2023 10:00:02 GMT",74,hosts,cpm_leadership,,B,9,6,4,4,2,5,6,5.5,T3,"Every single leader will face it. Every single leader will develop a response, but how we respond determines if we go the distance. This episode is about mourning and our critical need to learn to mourn if we are going to develop God's design to respond to life's challenges. The alternative is that we get taken out because of addiction or bitterness and don't finish the race. Time to lean in and l"
Joy in Suffering - Randy Thorman on Life in Christ,"Tue, 13 Jun 2023 10:00:02 GMT",52,interview/guest,cpm_leadership,disciple_making,B,8,6,4,6,2,3,7,5.5,T3,"Randy Thorman, a CoVo NoPlaceLeft church planter in Pryor, OK, joins Dave to discuss the importance of relying on our identity in Christ amid suffering and difficulties for longevity and consistency in leadership. ** Show Notes and Resources ** 👉5 T's Strategy Coordinator Series:  👉Unreached Peoples Conference (Sept 28-30). Learn more at"
"Word, Spirit, & Pursuing The Core Missionary Task with Steve Addison","Tue, 23 May 2023 10:00:03 GMT",74,interview/guest,cpm_leadership,,B,7,6,6,6,2,3,6,5.5,T3,"What is the engine room of a movement? In this part 2 interview with Steve Addison, he declares that it is the people of God committed to the core missionary task through the power of the Word and the Spirit. More gold nuggets from Steve's latest book, available now. *** Show Notes and Resources *** Get Steve's new book, ""Acts and the Movement of God from Jerusalem to the Ends of the Earth"" here:"
Keeping Perspective When Starting (or Starting Again),"Tue, 30 Aug 2022 10:00:02 GMT",58,hosts,cpm_leadership,,B,8,7,4,4,2,4,7,5.5,T3,"The core missionary task to multiply disciples, leaders, and churches involves a lot of change in relationships and starting new things. While this can sometimes be energizing, it can also at times cause us to question our core motivations and vision. In this episode, Dave and Mark talk through how we keep perspective when starting (or starting again)."
How to Engage Heart + Hands in Cross Cultural Equipping,"Tue, 27 Jul 2021 10:00:12 GMT",53,hosts,disciple_training,,B,8,6,4,4,2,6,7,5.5,T3,"Our training in entry strategies must be simple enough to engage the hands practically, but catalytic enough to engage the heart with ownership. Learn how we learned from a church planter named Kika to use South Asian Pickle and how you can identify effective cross cultural strategies in where God has called you."
How The New GAPP App Will Increase Kingdom Impact,"Tue, 11 May 2021 10:00:14 GMT",70,hosts,cpm_leadership,,B,9,6,4,4,2,5,6,5.5,T3,"How do you collaborate and coordinate cross culturally with so many churches and missions orgs working towards the common vision to accomplish Matthew 24:14? In short: one new tool emerging is the GAPP app. In this episode, Joel Cox shares progress and how this app can help you multiply disciples and churches. Learn more about the GAPP App and how you can be a part of the Alpha launch at"
"MAWL in Real Life: Ryan, Jereme, And The Path to Multiplication","Tue, 02 Dec 2025 11:00:17 GMT",89,hosts,disciple_training,cpm_leadership|disciple_making,B,9,4,5,4,2,6,7,5.45,T3,"Ryan and Jereme pull back the curtain on how MAWL actually works when you stop treating it like a diagram and start using it in real life. They walk through the messy, honest steps—modeling what they wanted to see, getting in the trenches to assist, backing off to watch people own it, and finally letting them run without hand-holding. You’ll hear the wins, the missteps, and the simple rhythms that"
9 Stages of the Making of a Leader,"Tue, 09 Jul 2024 10:00:06 GMT",60,hosts,cpm_leadership,,B,8,6,5,4,2,4,7,5.45,T3,"This episode explores J. Robert Clinton's book, ""The Making of a Leader,"" which outlines nine stages of leadership growth. From family influence and childhood experiences to education and emerging leadership, discover how God forms leaders. Learn how to recognize your current stage, understand God's work in your life, and respond effectively to become the leader God intends you to be."
"Covo, Single, and the Unreached with Crystal","Tue, 18 Jul 2023 11:00:02 GMT",39,interview/guest,cpm_leadership,,B,8,5,4,7,3,3,6,5.45,T3,"Crystal works as a dentist, lives among unreached people, and takes advantage of the time and focus of her season of singleness in OKC. Join us for an inspiring and honest interview from a muddy boots leader in OKC."
Muddy Boots Leadership with Dave & Mark,"Tue, 04 Apr 2023 10:00:02 GMT",72,hosts,cpm_leadership,disciple_training|prayer_field,B,9,5,4,5,3,3,7,5.45,T3,"What we call a ""muddy boots leader"" emerges from the work in the field and trains others out of experience and not just theory. In this episode, Dave and Mark unpack the concept of the muddy boots leader and how they are identified, developed, and the context in which they must be mentored. *** Show Notes and Resources *** 👉5 T's Strategy Coordinator Series:  👉Unreached Peoples Conference (Sept 28"
Reaching Muslims in Berlin Through Word & Spirit with David Campbell,"Tue, 07 Feb 2023 11:00:01 GMT",68,interview/guest,disciple_making,,B,9,4,4,7,3,3,6,5.45,T3,"God used David and Keri Campbell to catalyze work among Muslims in Berlin. In this episode, David shares about how God worked by way of Word and Spirit and through their obedience to see new work catalyzed. He goes on to share what success looked like in their time there and how he heard from God when the time came to exit Berlin. 👉Connect with David on Instagram:"
How to Navigate Law & Grace As a Leader,"Tue, 16 Aug 2022 10:00:02 GMT",60,hosts,cpm_leadership,,B,8,6,5,4,2,4,7,5.45,T3,"Moses had to learn to lead with a lot of internal doubt and external pressure and do it in a way that communicated the law of God with the grace of God. In this episode, Dave, Mark and Skip talk through the life of Moses and leadership lessons we can all glean in navigating grace and law as a leader."
"Connect, Communicate, Collaborate, & Contribute","Tue, 14 Jun 2022 10:00:02 GMT",42,hosts,disciple_making,,B,8,7,5,4,2,3,6,5.45,T3,"If we are going to accomplish Jesus's command to His disciples in Acts 1:8 to engage Jerusalem, AND Judea, AND Samaria, AND the ends of the earth, we will have to connect, communicate, collaborate, and contribute. Here's how and why that matters."
How to Fail Forward Faster...Together,"Tue, 05 Apr 2022 10:00:03 GMT",56,hosts,disciple_training,cpm_leadership,B,8,6,5,4,2,5,6,5.45,T3,"Failing forward is a given for seeing the Kingdom advance. And the fastest forward movement in the Kingdom will only happen together in a community of practice where the best ideas win out. In this episode, Dave and Mark unpack what it looks like to fail forward together. Show Notes: 5 Stages of Failing Forward Graphic:"
From Zealous Reformer to Spiritual Father: The Making of an Apostolic Leader,"Tue, 18 Nov 2025 11:00:08 GMT",75,hosts,cpm_leadership,,B,9,6,4,4,2,3,7,5.4,T3,"What shifts a zealous reformer into a true spiritual father? In this episode, Mark unpacks the “fulcrum moments” that transformed Peter and Paul from fiery reformers into grounded apostolic leaders who laid the foundation for multiplying movements. He draws a clear line between their journeys of surrender and the leadership breakthroughs we need today. If you’ve ever wrestled with burnout, overrea"
Buckets and Drips: The Essentials of Effective Training,"Tue, 14 May 2024 10:00:04 GMT",59,hosts,disciple_training,cpm_leadership|disciple_making,B,8,7,4,4,2,3,7,5.4,T3,"Time to delve into the ""bucket and drip"" training methods for disciple-making and church planting. This episode explores how intensive bucket trainings create a vibrant community atmosphere, while ongoing drip trainings offer personalized, practical support to maintain momentum. Join Mark and Dave as they unpack strategies to connect macro and micro efforts, ensuring robust and sustainable multipl"
How Church Becomes The Kingdom Reset Button,"Tue, 08 Aug 2023 10:00:02 GMT",81,hosts,disciple_training,,B,9,6,4,4,2,3,7,5.4,T3,"""Local owners of the core missionary task"" is a phrase we use a lot. That local ownership and the equipping for it happens in the context of church. In this episode, Dave and Mark re-examine methods and process we use to train disciples with that role of church in mind---listen for a few surprising nuggets that will make you stop and re-think. *** Show Notes and Resources *** 👉5 T's Strategy Coord"
Undivided Kingdom: Leveraging All of Our life in Christ,"Tue, 14 Mar 2023 10:00:02 GMT",64,hosts,disciple_making,,B,9,6,4,4,2,4,6,5.4,T3,"How has the sacred secular divide influenced how we live our faith? In this episode Dave discusses the impact of our Union with Christ on our disciple making where we live, work, and play and how the divided kingdoms in our hearts creates unnecessary barriers. *** Show Notes and Resources *** 👉5 T's Strategy Coordinator Series:  👉Unreached Peoples Conference (Sept 28-30). Learn more at"
7 Phases Tool: How to Track Engagement,"Tue, 07 Mar 2023 11:00:02 GMT",87,hosts,disciple_making,,B,9,5,4,4,2,6,6,5.4,T3,"In this episode, Mark and Dave share a tool for tracking engagement progress and unpack how we have used it in our contexts. Download the tool below and check out information on the upcoming Unreached Peoples Conference this September. *** Show Notes and Resources *** 👉7 Phases of Engagement:  👉7 Phases Tracking Tool (Google Spreadsheet):  Open on a desktop computer to use the tool. (Icons will no"
From Addition to Multiplication: Glory Chasers,"Tue, 18 Jan 2022 11:00:02 GMT",62,hosts,cpm_leadership,,B,9,4,4,6,4,3,6,5.4,T3,"It will be done. He is the beginning and the end. The Great Alpha and Omega. There is no room for any theology of me, my, and mine. There is no room for any story except HIStory. He must increase and I must decrease. But when we understand our place in HIStory then, and only then do we find purpose and joy."
How to Assess Teaming Alignment,"Tue, 28 Sep 2021 10:00:15 GMT",58,interview/guest,disciple_making,,B,8,5,4,6,2,5,6,5.4,T3,"When someone wants to join your team or be a part of the work you are engaged in, how do you know if they are a good fit? If there is not alignment of vision, values, and roles, the lack of alignment may end up sabotaging the work. Today we discuss how to assess and find teaming alignment."
How The Clear Path Can Make or Break Multiplication,"Tue, 21 Sep 2021 10:00:12 GMT",55,hosts,cpm_leadership,disciple_making,B,8,7,4,4,2,3,7,5.4,T3,"When leaders have clarity in their discipleship path, they are far more likely to take ownership and multiply disciples and churches. On the other hand--without this clarity, a leadership multiplication cap can form. In this episode we unpack how the clear path in the heart and head of the leader can make or break multiplication."
How the Starfish & Spider Works in Movement Leadership,"Tue, 07 Sep 2021 10:00:16 GMT",48,hosts,cpm_leadership,,B,8,7,4,4,2,3,7,5.4,T3,"The popular movement book, ""Starfish and the Spider"" has some helpful insights for the kind of leaders that catalyze movement and the culture that sustains it. In this episode we unpack the head, heart, and hands of the distributed culture and why command-and-control does not lead to movement."
"How to Find Those Asking the ""How"" Question","Tue, 01 Jun 2021 10:00:14 GMT",37,hosts,disciple_making,,B,8,7,4,4,2,4,6,5.4,T3,"In Mark 4, Jesus describes one of four soils that bears forth fruit. In this episode, we unpack how to find that God-prepared fruitful disciple (and how to have eyes to see where the Kingdom is not)."
The Power of Small Wins: How to Transform Highs into Habits,"Tue, 29 Oct 2024 10:00:02 GMT",57,hosts,disciple_making,,B,8,5,5,4,2,6,6,5.35,T3,"In this episode, we explore how to transform fleeting bursts of motivation into lasting, life-changing habits. What if the secret to sustainable growth lies not in the big highs but in the small, consistent steps? Join us as we dive into practical ways to find joy in the process and unlock the power of long-term impact. 💻"
Embracing the Balance: Generalists and Specialists in Church Planting,"Tue, 06 Aug 2024 11:00:04 GMT",122,hosts,simple_church,,B,9,5,4,5,3,3,6,5.35,T3,"In this episode of the H3X podcast, hosts Mark Goering and Dave Miller dive into the often-overlooked but crucial conversation about the roles of generalists and specialists within teams, especially in the context of church planting and mission work. Recorded in a lively coffee shop in Oklahoma City, the discussion explores the cultural tendency to celebrate specialists while underscoring the impo"
Help! I'm married to a church planter with Ann Miller,"Tue, 12 Mar 2024 11:00:02 GMT",48,interview/guest,cpm_leadership,,B,8,5,5,6,2,3,6,5.35,T3,Join Dave and his wife Ann Miller for a peak behind how she makes the world keep turning while being married to a church planter. 23 years together means they offer some good laughs and a little bit of sage advice for wives and husbands pursuing #NoPlaceLeft together.
"Turn This Ship Around! with Kyle, Carter, Dave, and Mark","Tue, 17 Oct 2023 10:00:02 GMT",72,hosts,cpm_leadership,,B,9,5,5,4,2,3,7,5.35,T3,"Kyle Pierson leads a discussion of the leadership principles found in the book ""Turn the Ship Around!"" a book all about how Captain Marquet transformed a struggling submarine crew by giving them more control and responsibility, instead of micromanaging. The book is a practical guide for leaders who want to empower their teams and foster a culture of ownership and innovation. *** Show Notes and Res"
Navigating a Sea of Movement Acronyms & Orgs,"Tue, 14 Feb 2023 11:00:02 GMT",72,hosts,cpm_leadership,prayer_field,B,9,5,5,4,2,3,7,5.35,T3,"NPL, CPM, DMM... what's the difference and how can you navigate relating to a tribe you're not in? In this episode, Dave and Mark dive into the hot topic of movement acronyms and orgs and bring a lot of perspective and a little clarity to the subject. Listen as we share our stories and even a few definitions. Hope it helps. Show Notes: 👉Garrison on CPM:  👉Watson on DMM:  👉Learning Curve Graph:"
4 Ways to Increase Teaming,"Tue, 07 Jun 2022 10:00:02 GMT",71,hosts,disciple_making,prayer_field,B,9,4,4,5,3,5,6,5.35,T3,"To tackle the TARGET you have been called to, it will take a lot of expressions of TEAMING to move the work forward. In this episode, Dave and Mark unpack 4 ways to increase teaming: Join existing structures, Invite like-minded believers into 4 Fields rhythms, start or collaborate around strategic Projects, and clarify and collaborate around clear Processes. *** Show Notes and Resources *** The Te"
The Parable of the Crosswinds,"Tue, 31 May 2022 10:00:02 GMT",66,hosts,disciple_training,cpm_leadership|disciple_making,B,7,7,5,4,2,3,7,5.35,T3,"Jesus had the biggest TARGET possible: the whole World. Yet He strategically and intentionally focused on multiplying disciple-making leaders. Why? In this episode, we look at Chuck Wood's insight into the ""Parable of the Crosswinds"" and how the model of Jesus must guide our strategic aim in tackling big TARGETS. Show Notes: 👉Chuck's ""Parable of the Crosswinds"" Video:  👉5 T's Strategy Coordinator "
Making Moments Matter: How to Invest in People to Multiply Impact,"Tue, 14 Sep 2021 10:00:10 GMT",45,hosts,prayer_field,cpm_leadership,B,8,6,5,4,2,4,6,5.35,T3,"People are Jesus's strategy for multiplying your time and Kingdom impact. In this episode Dave shares firsthand challenges that face the covocational practitioner that require understanding of this principle, and we go on to unpack specific practical ways you can be more effective in this."
You Don’t Have a Vision Problem. You Have a Habit Problem.,"Tue, 17 Feb 2026 11:30:02 GMT",71,hosts,cpm_leadership,disciple_training|simple_church,B,7,6,4,4,2,6,7,5.3,T3,"You want multiplication, but your calendar keeps producing events. Mark and Dave argue the issue is not vision, it is the daily patterns quietly shaping what people actually become. They show how Jesus built movements by embedding repeatable practices into ordinary life, not by running bigger gatherings. If you feel stuck between strong intention and weak follow through, this conversation will giv"
3. Increase Leadership Capacity - the Trajectory of Brilliance in the Basics,"Thu, 28 Mar 2024 10:00:02 GMT",154,hosts,cpm_leadership,,B,9,5,4,4,2,4,7,5.3,T3,"Change your current leadership results. Problem solving and decision making are core activities of effective leadership. You can increase your leadership capacity through brilliance in the basics, because the trajectory builds your foundational memory. When that foundational memory becomes second nature, your capacity for crucial problem solving and decision making makes you a greater capacity lea"
Beyond Boxes: Embracing Decompartmentalization for Kingdom Multiplication,"Tue, 26 Mar 2024 10:00:02 GMT",61,hosts,gospel,cpm_leadership,B,9,6,4,4,2,3,6,5.3,T3,"Mark and Dave discuss the importance of moving beyond compartmentalization to achieve both micro and macro growth, emphasizing practical application and collaboration. Using examples from the Gospels, they highlight the necessity of adopting an abundance mindset and the power of teamwork in the context of church multiplication, urging listeners to focus on the collective mission rather than indivi"
"Your Disciple Making Needs 3 Things- Process, Community, and Responsibility","Tue, 12 Dec 2023 12:00:03 GMT",63,hosts,disciple_making,,B,9,6,4,4,2,3,6,5.3,T3,"Your disciple making needs 3 things: Process, Community, and Responsibility. In disciple making we are not only looking for followers of Jesus, but followers of Jesus who want to lead in the work of the Kingdom of Jesus. In this episode we discuss the need for a process of disciple making that creates environments of responsibility, rather than simply stopping at content retention."
How to Get to Local Ownership Momentum,"Tue, 07 Nov 2023 11:00:03 GMT",142,hosts,disciple_training,gospel|prayer_field,B,5,8,4,4,2,6,7,5.3,T3,Mark and Dave discusses the importance of finding a balance between micro and macro approaches to working towards local ownership. Identifying high-value activities and the right rhythm for living in both worlds is crucial in making progress towards the desired outcome. They also emphasize the importance of managing one's own work and modeling and calling people down to the dirt of what they need 
Stewarding Multiplication as a Strategy Coordinator with Dave & Mark,"Tue, 20 Jun 2023 10:00:02 GMT",61,hosts,disciple_training,cpm_leadership|simple_church,B,9,5,4,4,2,4,7,5.3,T3,"There is a tension between micro and macro for the stewardship role of the strategy coordinator. In this episode, Dave and Mark unpack the focus on the church planting multiplier and the role of our content and training pathway in developing them. *** Show Notes and Resources *** 👉5 T's Strategy Coordinator Series:  👉Unreached Peoples Conference (Sept 28-30). Learn more at"
Walking in Prophecy & Healing as a Starbucks Barista,"Tue, 21 Mar 2023 10:00:02 GMT",68,interview/guest,disciple_making,simple_church,B,7,6,4,6,2,4,6,5.3,T3,"Dave and Mark interview church planting practitioner Stephen as he shares about his experience walking in healing and prophecy during, among other things, his job at Starbucks. Stay tuned for part 2 in which we continue the conversation around discipleship and the Spirit-led gifts of prophecy, healing, and deliverance. *** Show Notes and Resources *** 👉5 T's Strategy Coordinator Series:  👉Unreache"
How to Partner With God Strategically in Times of Crisis,"Tue, 20 Dec 2022 11:00:02 GMT",48,interview/guest,disciple_making,,B,8,5,4,6,2,4,6,5.3,T3,"From Genesis to Revelation and today around the World, God is using crisis to bring forth His Kingdom. Mary Roberts joins Mark and Dave to share what partnership with God can look like strategically in times of crisis. Show Notes: Learn more and view resources mentioned by Mary:"
How to Create a 5x5 Tracking Card,"Tue, 29 Nov 2022 11:00:02 GMT",62,hosts,disciple_making,,B,9,5,4,4,2,5,6,5.3,T3,"Our target tells us what success looks like and our tracking tells us how we are doing in reaching the target. In this episode, Mark unpacks a simple Google Slide deck you can edit and use to track 5 peoples and 5 places in your city. Show Notes: • 5 T's Overview of The Strategy Coordinator:  • 5x5 Google Slide Deck TEMPLATE:"
3 Things I'm Learning About Reaching Urban Centers,"Tue, 17 May 2022 10:00:03 GMT",65,hosts,disciple_making,,B,9,4,5,5,3,3,6,5.3,T3,"Urban Centers are as old as the Tower of Babel and God's strategy revealed in the redemption of that story as found in Acts 2:36-47 is still what He is doing today. In this episode, Mark shares 3 lessons he is learning about reaching urban centers: (1) People are God's strategy (2) The Elephant must be bite-sized, and (3) It's going to take a miracle."
From Addition to Multiplication: The Glory of God in the Gospel,"Tue, 03 May 2022 10:00:02 GMT",62,hosts,gospel,cpm_leadership,B,9,6,4,4,2,3,6,5.3,T3,"Dave returns to the Emmaus Road to look at the glory of God in the gospel. As Dave unpacks this moment: ""we are not talking about a side-show event or a second chair fiddle: the proclamation of the gospel of Jesus Christ is the focus after the resurrection of Jesus."" Listen in as Dave brings helpful understanding to the role of proclamation."
1-3-9: Training The Generational Multiplication Mindset,"Tue, 07 Dec 2021 11:00:02 GMT",49,hosts,cpm_leadership,disciple_training,B,8,6,4,4,2,4,7,5.3,T3,Movements are sustained by their leaders. And not just any leaders. Movements thrive when led by the kind of movement leaders that make the shift from addition to multiplication. In this episode we unpack the 1-3-9 tool as it relates to training leaders to think in terms of multiplication.
Reaching The Unreached in Cities with Bud Houston,"Tue, 03 Aug 2021 10:00:15 GMT",62,interview/guest,disciple_training,cpm_leadership,B,9,4,4,6,2,3,7,5.3,T3,"Reaching the nations has never been more complex with the growth of urban centers. And, the need for Holy Spirit led strategy to reach segments has never been greater. In this video, Bud Houston unpacks the training he is developing to raise up strategy coordinators to meet that need and tackle the complexity of the task. Get in touch with Bud: bud.houstonba2011@gmail.com"
1. Brilliance in the Basics,"Thu, 07 Mar 2024 12:00:02 GMT",39,hosts,disciple_making,,B,8,5,5,4,2,5,6,5.25,T3,"Major General James N Mattis described his vision of success this way, ""Mastery of the basics was all it would take to whip anybody."" What is the crucial role of core competency habits as the active pathway to maturity?"
How Team Problem Solving Grows Leaders,"Tue, 26 Sep 2023 10:00:02 GMT",71,hosts,prayer_field,cpm_leadership,B,9,5,5,4,2,3,6,5.25,T3,"The Iron on Iron is a helpful problem solving format for developing leaders that can think strategically and problem solve. It has many other side benefits in the ways that it connects leaders to the larger Biblical vision as well as building up networks with ownership of specific DNA and values. In this episode, Dave and Mark unpack the format itself and its collateral benefits. Iron on Iron Form"
The 5 T's of Coordinating Strategy: TARGET,"Tue, 22 Feb 2022 11:00:03 GMT",43,hosts,cpm_leadership,,B,8,6,5,4,2,3,6,5.25,T3,"Join Dave Miller, Will Smith, Kyle Pierson, and Bud Houston as we unpack the 5 T's used by a strategy coordinator to effectively coordinate a multiplying disciples strategy. In this first of 5 episodes, we look at Target to understand ""What is success?"""
Ever Want to Quit? Us Too,"Tue, 26 Oct 2021 10:00:18 GMT",50,hosts,disciple_making,,B,8,6,5,4,2,3,6,5.25,T3,"When you hit the wall and want to quit (everyone does), what do you do? And what is Jesus up to in those moments? Let's talk about the sometimes taboo subject of feeling like you want to quit and the hope in Christ that we cling to in those moments."
What David Got Right (And Saul Got Wrong) About Success,"Tue, 22 Apr 2025 10:00:07 GMT",81,hosts,cpm_leadership,,B,9,5,4,4,2,4,6,5.2,T3,"Is God trying to humiliate you—or is He humbling you for something greater? In this deeply reflective episode, Mark and Dave unpack the distorted view many leaders have of God as a harsh corrector rather than a loving Father. Through the lens of 1 Corinthians and the life of David, they explore how God builds us up rather than breaks us down. This conversation will challenge your assumptions, refr"
Learning by Doing: The Journey of Failing Forward,"Tue, 21 May 2024 19:51:58 GMT",47,hosts,cpm_leadership,,B,8,6,4,4,2,3,7,5.2,T3,"In this episode we explore the concept of ""failing forward"" in church leadership. Dave and Mark discuss the importance of balancing academic knowledge with hands-on experience and learning from mistakes. Emphasizing that true growth comes from taking action, they encourage listeners to embrace a continual learning posture."
Living Unliked: What It Takes to Be An Effective Leader,"Tue, 30 Jan 2024 12:47:43 GMT",83,hosts,cpm_leadership,disciple_making,B,9,5,4,4,2,3,7,5.2,T3,"In this episode Mark and Dave explore the challenging aspects of leadership, particularly the necessity of living ""unliked"" to achieve impactful change. They discuss how effective leadership often involves tough decisions and truth-telling that may not be well-received, drawing parallels with historical figures like William Carey and Hudson Taylor. The conversation also delves into personal experi"
Back to the Roots: Unpacking the Genesis of H3X,"Tue, 19 Dec 2023 11:00:03 GMT",70,hosts,cpm_leadership,disciple_training|prayer_field,B,9,5,4,4,2,3,7,5.2,T3,"Mark and Dave discuss the origins and purpose of the H3X Podcast, focusing on the concept of a distributed network. They highlight the need to model leadership contributions and collaborate with a broader network. There are challenges and benefits of operating in a distributed network which they address, particularly in relation to the scalability required for the Great Commission: humility, patie"
Forging Leaders in the Radical Middle,"Tue, 31 Oct 2023 18:26:56 GMT",103,hosts,cpm_leadership,,B,9,5,4,4,2,3,7,5.2,T3,"Life is a balance. We need work, we need play, we need friends and family. Should you get to focused on one thing at the expense of the others, you may find success, but the pile of increasing failures in other areas will become a weight hung around your neck too great to carry. The key is moderation in everything, or as Mark and I like to say here on the H3X Podcast, the radical middle. For acces"
How Leaders Make Decisions in Uncertainty,"Tue, 22 Aug 2023 10:00:03 GMT",54,hosts,cpm_leadership,,B,8,5,4,4,2,5,7,5.2,T3,"Leadership by its very nature is about making decisions to lead others in the midst of uncertainty. How do leaders do this and what happens as they do? In this episode, Dave and Mark unpack decision making and the implications of the blood, sweat, and tears that will come simply because people are involved."
How Communication Can Make or Break a Team,"Tue, 06 Jun 2023 10:05:01 GMT",54,hosts,disciple_training,cpm_leadership,B,8,6,4,4,2,3,7,5.2,T3,"What, to Whom, and Where something is communicated can make or break a team. In the movement world it's especially critical that we train and equip leaders in effective communication so we don't become the bottleneck to what God is doing. Listen as Dave and Mark unpack the role of communication systems and processes."
How to Spot a Lone Wolf (And Not Become One),"Tue, 17 Jan 2023 11:00:02 GMT",54,hosts,cpm_leadership,,B,8,6,4,4,2,4,6,5.2,T3,"Without community we can either go off the deep end and become a lone wolf or lack the affirmation needed to keep us on track with Jesus. In this episode, Dave and Mark unpack the role of community in course correcting the errors in our thinking and spotting the lone wolves in our midst."
How We Approach Prayer in The Apostolic Work,"Tue, 06 Sep 2022 10:00:03 GMT",54,hosts,gospel,prayer_field|cpm_leadership,B,8,6,4,4,2,4,6,5.2,T3,"Prayer is always correlated to the advancement of the Kingdom to new people and new places. In this episode, Dave and Mark unpack 5 aspects of how we approach prayer in the apostolic work: (1) Miraculous Grace, (2) Sustained effort, (3) Boldness and belief in the gospel, (4) Supernatural provision, (5) Heaven readied hearts."
How to Become a Nobody forJesus (And Be Okay With It),"Tue, 09 Aug 2022 10:00:03 GMT",59,hosts,disciple_making,,B,8,6,4,4,2,4,6,5.2,T3,"In this episode, Dave and Mark share their personal journey of counting the cost and what it takes to be the John 12:24 grain of wheat that Jesus describes: ""Very truly I tell you, unless a kernel of wheat falls to the ground and dies, it remains only a single seed. But if it dies, it produces many seeds."""
GAPP Update 3 + 5Ts Debrief with Joel,"Tue, 26 Jul 2022 10:00:03 GMT",49,interview/guest,disciple_training,prayer_field,B,8,4,4,6,2,4,7,5.2,T3,"Joel Cox and David discuss the beta version of GAPP App, new features, the Oikosystem, and tools for tracking Plus, Joel Cox also shares insights and learnings from his time at the Oklahoma City Strategy Coordinator Training using the 5 Core Competencies of Target, Tools, Teaming, Training, and Tracking."
How to Use Tracking Data in Your Coaching,"Tue, 28 Jun 2022 10:00:02 GMT",75,hosts,disciple_training,cpm_leadership,B,9,5,4,4,2,4,6,5.2,T3,"It has been said, ""You can't coach what you can't see."" But we need to learn how to gather objective data from those we coach. And then we need to, once we have that data, learn how to use it to coach them to multiply. In this power packed short episode, we look at these two ideas and how you can gather and utilize data in your coaching. Show Notes: 👉5 T's Strategy Coordinator Series:"
Tactical Disciple-making: What It Is And How to Start,"Tue, 12 Apr 2022 10:00:07 GMT",59,hosts,disciple_making,,B,8,6,4,4,2,4,6,5.2,T3,"We unpacked the function and job of the strategy coordinator in a recent six episode series on the podcast and in this episode we unpack the role of tactics and how they intersect strategy. From a look at Zelinsky and Putin to the practical implications using 1-3-9, Dave and Mark unpack what tactical disciple-making is and how to start."
Lessons In Implementing The Lost-2-Leader Path,"Tue, 25 Jan 2022 11:00:03 GMT",47,hosts,gospel,cpm_leadership,B,8,6,4,4,2,3,7,5.2,T3,"Awhile back, we introduced the idea of a clear path for the making of disciples that we called Lost 2 Leader. In this episode, we share the Lost 2 Leader path we are using and lessons we are learning as we multiply disciples and leaders using it."
How a Servant Leader Confronts Tribalism,"Tue, 02 Nov 2021 10:00:15 GMT",47,hosts,cpm_leadership,,B,8,6,4,4,2,3,7,5.2,T3,"In 1 Corinthians 1-3, Paul confronts a tribalism mindset: ""I follow Paul. I follow Apollos..."" How often do we see this in the Church today? In this episode we examine Paul's response (a contribution mindset) and what our repentance process looks like to live out God's design."
Urban Mandate Update: What It Will Take to Reach NYC,"Tue, 19 Mar 2024 10:00:02 GMT",46,hosts,disciple_making,,B,8,5,4,5,3,3,6,5.15,T3,"In this episode, Mark discusses the importance of going deep to reach wide in New York City's mission for kingdom growth. Joined by Dave, they explore how prioritizing depth lays the groundwork for broad impact, sharing practical insights on effective discipleship in the city's diverse landscape."
Let's Talk About Your Leadership Role in 2023,"Tue, 27 Dec 2022 11:00:02 GMT",64,hosts,cpm_leadership,,B,7,6,5,4,2,3,7,5.15,T3,"""Only do what only you can do."" The way Jesus defined success as a leader was in raising up 12 other leaders. What does your leadership role look like in the vision you are pursuing? In this episode, Mark shares what he is thinking through in his role in the work in 2023 and how you can think through the same for your context."
Charting the Course: A Strategic Multiplication Roadmap for 2024,"Tue, 23 Jan 2024 11:00:02 GMT",83,hosts,cpm_leadership,simple_church,B,7,6,4,4,2,4,7,5.1,T3,"Mark and Dave present a comprehensive strategy for church growth and leadership development, designed to help listeners identify their current phase and leadership. The discussion covers church planting, leadership skills, and cross-pollination, offering a clear vision for the podcast's future direction and its focus on practical, actionable guidance. This episode serves as both a diagnostic tool "
The Relational Gospel Path: Live Work Play,"Tue, 21 Nov 2023 11:00:03 GMT",40,hosts,gospel,cpm_leadership,B,8,6,4,4,2,3,6,5.1,T3,"Where does an entire complex city interact? Where they live, work, and play. Join Mark and Dave as they discuss strategic value of intentional Kingdom focus where we all live, work and play to see gospel movement in our cities!"
Muddy Boots Leaders Plant Their Flag Somewhere,"Tue, 02 May 2023 10:00:02 GMT",70,hosts,disciple_training,cpm_leadership,B,9,5,4,4,2,3,6,5.1,T3,Muddy boots leaders move towards chaos and see their role as bringing direction to the chaos. Others want to learn from them because they coach and lead out of frontline experience. This type of leader can help others take the mountain for one simple reason...muddy boots leaders plant their flag somewhere. *** Show Notes and Resources *** 👉5 T's Strategy Coordinator Series:  👉Unreached Peoples Con
A Baptist and a Charismatic Talk Spiritual Gifts (p.2),"Tue, 04 Oct 2022 10:00:02 GMT",41,hosts,disciple_training,,B,8,5,4,4,2,4,7,5.1,T3,"In part two of this topic, Dave and Mark look at the role of God's Word and the Church in hearing God and practicing spiritual gifts. Show Notes: Watch and check out Mark's Kingdom Ministry Training Notes and Videos notes at"
From Addition to Multiplication: Jesus is the Center,"Tue, 26 Apr 2022 10:00:03 GMT",34,hosts,cpm_leadership,,B,8,6,4,4,2,3,6,5.1,T3,"Dave continues his journey from addition to multiplication in this next episode of his audio blog as he shares from a ""whiteboard"" what Jesus taught that day with His disciples on the Emmaus road."
The 5 T's of Coordinating Strategy: TRAINING,"Tue, 15 Mar 2022 10:00:03 GMT",46,hosts,disciple_training,cpm_leadership,B,8,5,4,4,2,4,7,5.1,T3,"Join Dave Miller, Will Smith, Kyle Pierson, Bud Houston, and Mark Goering as we unpack the 5 T's used by a strategy coordinator to effectively coordinate a multiplying disciples strategy. In this fourth of five episodes, we look at Training to understand ""How do we multiply?"""
DMM/CPM Tracking App (GAPP) Update  with Joel Cox,"Tue, 15 Feb 2022 11:00:04 GMT",77,interview/guest,cpm_leadership,simple_church,B,7,5,4,6,2,3,7,5.1,T3,"This week, we pause our Strategy Coordinator series to catch up with Joel Cox and hear exciting updates happening with the DMM/CPM tracking project he is working on. In short, GAPP is intentionally a very simple, intuitive app for tracking activity along the church planting journey. It allows for quick data input on question templates set by a team and data insight at the team level. Show Notes: C"
Building and Reproducing Shepherd Teachers in a Movement Network,"Tue, 05 Oct 2021 10:00:11 GMT",39,hosts,cpm_leadership,prayer_field,B,8,5,4,4,2,4,7,5.1,T3,How does development of elders and shepherd teachers work in a multiplying movement? Ben and Tyler are working this out as the multiplication continues in the Utah area; this episode unpacks what they are learning and implementing moving forward.
"3 Keys to Finding Leaders in the ""Zero to One"" Phase","Tue, 23 Jul 2024 10:00:03 GMT",58,hosts,cpm_leadership,,B,8,5,5,4,2,3,6,5.05,T3,Mark and Dave face the realities of starting in a new work where getting leaders onboard is everything and also the most difficult part of the work. They share from their own journey and 3 elements the leaders God will bring must have in order to see the work go from 0 to 1 in the early stages.
Redefining Strategy: From Human Plans to Divine Patterns,"Tue, 04 Jun 2024 10:00:03 GMT",50,hosts,disciple_making,,B,8,5,5,4,2,3,6,5.05,T3,"In this episode, Dave and Mark challenge conventional views of strategy, emphasizing a partnership with God's ongoing work rather than executing rigid, human-made plans. Listen in as they discuss the importance of aligning with God's design and recognizing the spiritual patterns revealed in Scripture to effectively participate in His mission."
The Phases of Movement and Strategic Problem Solving Action,"Tue, 03 Oct 2023 11:00:02 GMT",70,hosts,disciple_training,cpm_leadership,B,7,5,5,4,2,5,6,5.05,T3,Listen in on the Saturday morning session from the Unreached Peoples North American Summit in Kansas City. We practiced our problem solving skills and critical thinking muscles as we wrestled through high value actions to take responsibility and move towards opportunities in the work among Diaspora in our cities. Follow along or practice your own skills using the slides from this session: UPNA 202
Opportunities From Covo Obstacles,"Tue, 20 Apr 2021 10:00:20 GMT",39,hosts,prayer_field,cpm_leadership,B,8,4,4,5,3,3,7,5.05,T3,"Wonder if your JOB is holding you back from being used by God to multiply His Kingdom? Three practitioners share their co-vocational story as we unpack the head, heart, and hands of a co-vocational multiplier to answer this question."
Stop Waiting—Start Building Like a Founder,"Tue, 03 Jun 2025 10:00:10 GMT",77,hosts,prayer_field,cpm_leadership,B,9,4,4,4,2,4,6,5.0,T3,"What does it really mean to be a founder—not in title, but in action? In this episode, we explore the gritty shift from managing someone else’s vision to embodying your own calling with clarity and cost. True founders don't just help—they take ownership, live the DNA, and contribute out of who they are, not just what needs doing. If you’re wrestling with your role or sensing it’s time to start som"
Burnout and NoPlaceLeft North America Summit 2024 Takeways,"Tue, 02 Jul 2024 11:00:03 GMT",95,hosts,cpm_leadership,gospel,B,7,6,4,4,2,3,7,5.0,T3,"In this episode of the H3X podcast, Dave Miller reflects on the No Place Left North American Summit, emphasizing the importance of fellowship in avoiding burnout. Dave highlights lessons from Ecclesiastes, advocating for a balanced life that includes enjoying simple pleasures and building relationships. The episode draws parallels to Jesus' life, showing that slowing down and connecting with other"
Big Enough Vision to Think Small: How Being Faithful in Little Can Impact a Big City,"Tue, 18 Jun 2024 10:00:04 GMT",48,hosts,cpm_leadership,,B,8,5,4,4,2,3,7,5.0,T3,"Guy and Kelli Caskey share what it has looked like in Houston to see multiplication from micro to macro. From systems to culture and everything in between, they unpack the HOW behind the fruitful multiplication God has birthed in Houston over the last few decades. Reference Images Mentioned:"
2. Empty Trash Cans and Collective Basics,"Thu, 14 Mar 2024 11:00:01 GMT",48,hosts,cpm_leadership,,B,8,5,4,4,2,3,7,5.0,T3,"If I walk into an organization and notice the trash cans are empty, I know this organization understands basic ownership and shared responsibility. Collective Basics are everything. Join Nate and Dave as we talk through the role of ownership and discipline at the personal level for leadership impact."
Increasing UPG Awareness From City to City,"Tue, 22 Nov 2022 12:04:04 GMT",56,hosts,cpm_leadership,,B,8,5,4,4,2,4,6,5.0,T3,"From city to city we need to raise awareness of the unreached people groups living among us in the diaspora cities of North America. In this episode, Mark and Dave talk with city leaders in Houston and San Francisco about what God is up to and how we can increase awareness and engagement among the unreached."
Team Conflict: How about a little narrative and nuance.,"Mon, 22 Aug 2022 10:00:03 GMT",45,hosts,cpm_leadership,,B,8,5,4,4,2,4,6,5.0,T3,"We won’t see no place left and the accomplishment of the core missionary task without teaming. BUT, teaming involves conflict and challenge. In this episode, Dave shines a light on the topic and thoughts for how to navigate teaming when the sparks begin to fly."
The Five Stages of Failing Forward,"Tue, 29 Mar 2022 10:00:02 GMT",59,hosts,disciple_making,,B,8,4,6,4,2,3,6,5.0,T3,"Only those with big vision experience big FAILURE. And it's how they respond to it that will determine how far it propels them forward. In this latest episode of the podcast we unpack five stages of ""failing forward"" -- setting audacious goals, failure, learning principles, improving, and setting more audacious goals. Show Notes: 5 Stages of Failing Forward Graphic:"
The 5 T's of Coordinating Strategy: TOOLS,"Tue, 01 Mar 2022 11:00:03 GMT",46,hosts,cpm_leadership,,B,8,5,4,4,2,4,6,5.0,T3,"Join Dave Miller, Will Smith, Kyle Pierson, Bud Houston, and Mark Goering as we unpack the 5 T's used by a strategy coordinator to effectively coordinate a multiplying disciples strategy. In this second of five episodes, we look at Tools to understand ""What do I do?"""
A Multiplying Mindset is a Contribution Mindset,"Tue, 28 Dec 2021 11:00:02 GMT",34,hosts,cpm_leadership,,B,8,5,4,4,2,3,7,5.0,T3,"In this episode, Dave continues the conversation around the role of a contribution mindset in the development of a multiplication mindset where Jesus gets to be in charge and the One building the Kingdom."
Learning to Do Before Training to Do,"Tue, 09 Nov 2021 11:00:17 GMT",53,hosts,disciple_training,cpm_leadership,B,8,5,4,4,2,3,7,5.0,T3,"Before God used Peter, James, John, or Paul to cross cultures, He used them to reach their own. In this episode we unpack why mission must be both practitioners OF and catalysts FOR local ownership of the core missionary task in every people and place with laser focus on reaching the unreached. #H3X"
"Reproducing Business, Modeling CoVo Reproducing Disciple-making, or BOTH?","Tue, 24 Aug 2021 10:00:12 GMT",40,hosts,cpm_leadership,disciple_making|disciple_training,B,8,5,4,4,2,3,7,5.0,T3,Where does business and the co-vocational life fit into a vision to multiply disciples? Carter Cox and Dave Miller share from experience in a way that will help you see the two (and how they connect) in a new light.
CFC = Commitment + Focus + Consistency,"Tue, 17 Aug 2021 10:00:15 GMT",45,hosts,gospel,cpm_leadership,B,8,5,4,4,2,4,6,5.0,T3,"Apostolic work in bringing the gospel to new people and new places requires commitment, focus, and consistency. This is how we are learning and implementing this simple 3 pronged strategy and what it looks like to develop CFC in your life and on your team."
The Ongoing Role of Apostles in Mission with Don Dent,"Tue, 15 Jun 2021 10:00:15 GMT",52,interview/guest,prayer_field,meet_jesus,B,8,4,4,6,2,3,6,5.0,T3,"If everyone is a missionary then no one is. As a counterpoint to our focus on covocational workers, join David Miller and Bruce Carlton for an interview with Dr. Don Dent about his book The Ongoing Role of Apostles in Missions: The Forgotten Foundation. Watch the interview on the Sentergy YouTube channel."
From Addition to Multiplication: Broken Image Broken Lives,"Tue, 10 May 2022 10:00:02 GMT",52,hosts,cpm_leadership,,B,8,4,4,5,3,3,6,4.95,T3,"Dave continues to share his story leaning into the reality of what happens when the image is distorted in God's image bearers, but their attempts cannot thwart the mission of God. He will be glorified and his glory will fill the earth through his image bearers because God has declared it so."
"The Triple Threat: Head, Heart, Hands","Tue, 27 Apr 2021 10:30:05 GMT",37,hosts,disciple_making,,B,8,4,4,5,3,3,6,4.95,T3,"Without clarity on what we need to know, be, and do as believers, we can't be effective in advancing Christ's Kingdom. With humor and clarity, we unpack the ""why"" behind head, heart, and hands in this episode."
Hot Takes From the Unreached Peoples Conference with Dave & Mark,"Tue, 10 Oct 2023 10:00:02 GMT",62,hosts,disciple_making,,B,9,4,4,4,2,3,6,4.9,T3,It was like a family reunion for aound seventy of us to come together with practitioners engaging in reaching the unreached in the diaspora of North America. We gathered in Kansas City and the time together led to some key takeaways for Mark and Dave. Hear our hot takes and some key practical learnings you can take and use in your City.
How a Muddy Boots Leader Handles Success,"Tue, 12 Sep 2023 10:00:02 GMT",29,hosts,cpm_leadership,,B,8,5,4,4,2,3,6,4.9,T3,"How a leader handles success determines if they will repeat it. In this episode, Dave and Mark further unpack the Muddy Boots leader and how they think about success."
The 5 T's of Coordinating Strategy: TRACKING,"Tue, 22 Mar 2022 10:00:03 GMT",45,hosts,cpm_leadership,,B,8,5,4,4,2,3,6,4.9,T3,"Join Dave Miller, Will Smith, Kyle Pierson, Bud Houston as we unpack the 5 T's used by a strategy coordinator to effectively coordinate a multiplying disciples strategy. In this fifth and final of five episodes, we look at Tracking to understand ""How are we doing?"""
The 5 T's of Coordinating Strategy: TEAMING,"Tue, 08 Mar 2022 11:00:02 GMT",47,hosts,cpm_leadership,,B,8,5,4,4,2,3,6,4.9,T3,"Join Dave Miller, Will Smith, Kyle Pierson, Bud Houston, and Mark Goering as we unpack the 5 T's used by a strategy coordinator to effectively coordinate a multiplying disciples strategy. In this third of five episodes, we look at Teaming to understand ""Who can I count on?"""
"A Peculiar People: Breakfast with Dave, Mark, and Nate in Cincy","Tue, 23 Nov 2021 11:00:11 GMT",27,hosts,disciple_making,,B,8,5,4,4,2,3,6,4.9,T3,Listen in on our breakfast conversation unpacking the role of the Church to live as a peculiar people that embodies the message we proclaim to the World.
"3 Mindset Barriers to ""Who is Qualified?"" p.2","Tue, 29 Jun 2021 10:00:08 GMT",53,hosts,simple_church,cpm_leadership|meet_jesus,B,6,7,4,4,2,3,6,4.9,T3,"Our culture tells us who can and who can't plant a church based on qualifications that probably influence your thinking more than you know. In this two part focus on barriers to mobilizing church planters, we bust through 3 barriers by looking back at how Jesus qualified His leaders. (part 2 of 2)"
"3 Mindset Barriers to ""Who is Qualified?"" p.1","Tue, 22 Jun 2021 10:00:16 GMT",53,hosts,simple_church,cpm_leadership|meet_jesus,B,6,7,4,4,2,3,6,4.9,T3,"Our culture tells us who can and who can't plant a church based on qualifications that probably influence your thinking more than you know. In this two part focus on barriers to mobilizing church planters, we bust through 3 barriers by looking back at how Jesus qualified His leaders. (part 1 of 2)"
3 Ways to Get Started & Build Teams,"Tue, 08 Jun 2021 10:00:16 GMT",42,hosts,disciple_training,prayer_field|cpm_leadership,B,8,4,4,4,2,4,7,4.9,T3,Paul saw the whole province of Asia hear the Word of the Lord in 2 short years engaging in three main activities alongside a catalytic team. In this episode Dave and Mark unpack these three activities: 1. 0-1 2. Networking 3. Training
Who Can And Who Can't,"Tue, 18 May 2021 10:00:17 GMT",44,hosts,disciple_making,,B,8,5,4,4,2,3,6,4.9,T3,"Unless we address our assumptions, we disqualify those God has qualified in His Kingdom. In this episode we examine the mindsets between our ears that may be disqualifying those that God has called so we can rightly view and empower the disciples around us."
19 Minutes to Stop Guessing What Matters Most in 2026,"Tue, 27 Jan 2026 11:00:09 GMT",60,hosts,cpm_leadership,,B,6,6,4,4,2,4,6,4.8,T3,"Most leaders don’t fail because they’re lazy. They miss their goals because they’re unfocused. In this episode, we break down in 19 minutes how to choose the one or two activities that actually move the work forward, based on the phase you’re in right now. If 2026 already feels busy but not effective, this will snap things into focus fast."
"We Got an ""F"" in Tracking So We Did THIS","Tue, 21 Jun 2022 10:00:02 GMT",50,hosts,disciple_training,,B,8,4,4,4,2,3,7,4.8,T3,"At a Strategy Coordinator training last Fall, Dave and Mark both realized they were ""failing"" at using tracking in its role in the overall work of coordinating strategy. In this episode, we unpack what we are doing to implement holistic head, heart, and hands tracking into what we are doing."
How We Are Tackling the Complexity of Cities,"Tue, 10 Aug 2021 10:00:02 GMT",31,hosts,disciple_making,,B,8,4,4,4,2,4,6,4.8,T3,"Urban centers (cities) are more than complicated...they are complex, and beyond any one person's understanding. Reaching them will require creativity and God's power: here's how we are tackling reaching cities currently."
"UPNA 2025: Collaborate, Get Unstuck, Reach the Unreached","Tue, 18 Feb 2025 11:00:06 GMT",96,hosts,disciple_making,,B,7,4,4,4,2,5,6,4.7,T3,"What if the key to the next step in reaching an unreached people group was unlocked in one conversation? Mark Goering, Kyle Pierson, Bud Houston, and Will Smith share how the Unreached Peoples North America Summit is fueling collaboration and sparking breakthrough strategies to get unstuck. Discover how open space technology conversations are driving real action and transforming how we reach the n"
The Apostolic Contribution Mindset with Dave & Mark,"Tue, 11 Apr 2023 10:00:02 GMT",36,hosts,cpm_leadership,,B,8,4,4,4,2,3,6,4.7,T3,"In this episode, Dave unpacks the contribution mindset needed to steward and pass off the apostolic work. *** Show Notes and Resources *** 👉5 T's Strategy Coordinator Series:  👉Unreached Peoples Conference (Sept 28-30). Learn more at"
How to Team Around Target in Urban Centers,"Tue, 24 May 2022 10:00:02 GMT",56,hosts,disciple_training,cpm_leadership,B,6,5,4,4,2,4,7,4.7,T3,"Over the weekend, Dave and our friend Kyle joined us for a problem solving retreat in which we tackled some common stuckages around TARGET and TEAMING. In this episode, we unpack some of the biggest takeaways and insights. SHOW NOTES: • Co-Workers Study from Paul's Missionary Journeys:  • 5 T's Strategy Coordinator Training (June 24-26, 2022):"
From Addition to Multiplication: When God Became a Global Phenomenon,"Tue, 11 Jan 2022 11:00:02 GMT",30,hosts,cpm_leadership,,B,8,4,4,4,2,3,6,4.7,T3,Dave found himself caught up into a vision that was global and shifted his mindset from addition to multiplication. Check out this special episode from the Sentergy Series. #h3x #sentergy
From Addition to Multiplication: The Simple Question That Changed My Life,"Tue, 04 Jan 2022 11:00:02 GMT",28,hosts,cpm_leadership,,B,8,4,4,4,2,3,6,4.7,T3,A visit back to Dave's audio blog in his journey from addition to multiplication via the Sentergy Series as he unpacks the simple question that changed his life.
Don't Be Selfish...Multiplication Starts in the Heart,"Tue, 21 Dec 2021 09:00:02 GMT",30,hosts,cpm_leadership,,B,8,4,4,4,2,3,6,4.7,T3,"What if multiplication and generosity are actually connected? In this episode, Dave unpacks the connection and the call to removing barriers in our hearts to seeing the fruit of multiplication."
"Learning to Coordinate Strategy with Brooke, Haylee, and Caleb","Tue, 30 Nov 2021 11:00:02 GMT",24,hosts,disciple_training,prayer_field,B,7,4,3,5,3,3,7,4.7,T3,Three 20 somethings working in the college campus mission field of Oklahoma City share what they are learning following a recent Strategy Coordinator Training.⁠
"Family, The Trinity, & God’s Design for Mission","Tue, 06 Jul 2021 10:00:05 GMT",49,hosts,disciple_making,,B,8,4,4,4,2,3,6,4.7,T3,"At times and in the pursuit of the noble cause, family has been sacrificed on the alter of mission. This is not God's design. Rediscovering a decompartmentalized life of family on mission leads us back to God's design in the Trinity and a way forward for family on mission."
An Honest Conversation About Striving & Trusting,"Tue, 10 Jan 2023 11:00:02 GMT",23,hosts,disciple_making,,B,7,5,3,4,2,4,6,4.65,T3,Mark and Dave have an honest conversation and talk through how to respond to the inner wrestle and impatience to see more results.
From Addition to Multiplication: You Don't Have To Save the World,"Tue, 14 Dec 2021 11:00:02 GMT",24,hosts,cpm_leadership,,B,7,5,3,4,2,3,7,4.65,T3,"A new recurring segment on the podcast: Dave begins an audio blog. In this first episode, he shares his journey into multiplying disciples. #h3x"
Movement is The Fundamental DNA of God's Creation,"Tue, 19 Jul 2022 10:00:02 GMT",18,hosts,cpm_leadership,,B,7,5,3,4,2,3,6,4.55,T3,Listen as Dave get fiery to address the reality that movement is the fundamental DNA of God's creation.
God is With Us!,"Tue, 03 Jan 2023 11:00:02 GMT",48,hosts,disciple_training,,B,6,4,4,4,2,5,6,4.5,T3,"Does disarray and chaos in life mean God’s love and presence are waining or that your opportunity to practice the realization of them is available? Dave shares the lesson of 2022, especially when life, ministry, and business don’t run according to plan in view of the Christmas miracle."
Dave's Lightbulb Moments Training SC's Last Weekend,"Tue, 05 Jul 2022 10:00:02 GMT",67,hosts,disciple_training,cpm_leadership,B,5,4,4,5,3,3,7,4.45,E,"Over the weekend, Dave and a crew from four different states gathered for a Strategy Coordinator Training in Oklahoma City. There were some key lightbulb moments that helped the participants (and Dave) to better understand the role and task of the strategy coordinator...listen as Dave shares helpful key takeaways. Show Notes: 👉Co-Workers Study from Paul's Missionary Journeys:  👉5 T's Strategy Coor"
H3X Trailer: The Question At The Heart of it All,"Sun, 11 Apr 2021 00:54:50 GMT",33,hosts,cpm_leadership,,E,4,5,5,4,2,3,6,4.25,E,"What is the head, heart, and hands of the man or woman God can use to multiply His Kingdom? Let's talk about it. Episode 01 launches April 20th, 2021 at 5:00AM CST. ("
